CREATE DATABASE  IF NOT EXISTS `tecnographic` /*!40100 DEFAULT CHARACTER SET utf8 */;
USE `tecnographic`;
-- MySQL dump 10.13  Distrib 5.6.23, for Win64 (x86_64)
--
-- Host: 127.0.0.1    Database: tecnographic
-- ------------------------------------------------------
-- Server version	5.5.32

/*!40101 SET @OLD_CHARACTER_SET_CLIENT=@@CHARACTER_SET_CLIENT */;
/*!40101 SET @OLD_CHARACTER_SET_RESULTS=@@CHARACTER_SET_RESULTS */;
/*!40101 SET @OLD_COLLATION_CONNECTION=@@COLLATION_CONNECTION */;
/*!40101 SET NAMES utf8 */;
/*!40103 SET @OLD_TIME_ZONE=@@TIME_ZONE */;
/*!40103 SET TIME_ZONE='+00:00' */;
/*!40014 SET @OLD_UNIQUE_CHECKS=@@UNIQUE_CHECKS, UNIQUE_CHECKS=0 */;
/*!40014 SET @OLD_FOREIGN_KEY_CHECKS=@@FOREIGN_KEY_CHECKS, FOREIGN_KEY_CHECKS=0 */;
/*!40101 SET @OLD_SQL_MODE=@@SQL_MODE, SQL_MODE='NO_AUTO_VALUE_ON_ZERO' */;
/*!40111 SET @OLD_SQL_NOTES=@@SQL_NOTES, SQL_NOTES=0 */;

--
-- Table structure for table `banks`
--

DROP TABLE IF EXISTS `banks`;
/*!40101 SET @saved_cs_client     = @@character_set_client */;
/*!40101 SET character_set_client = utf8 */;
CREATE TABLE `banks` (
  `id` int(11) NOT NULL AUTO_INCREMENT,
  `store_id` int(11) DEFAULT NULL,
  `name` varchar(100) DEFAULT NULL,
  `account_number` varchar(50) DEFAULT NULL,
  `account_type` varchar(30) DEFAULT NULL,
  `identifier` varchar(20) DEFAULT NULL,
  `created_at` date DEFAULT NULL,
  `updated_at` date DEFAULT NULL,
  PRIMARY KEY (`id`)
) ENGINE=InnoDB AUTO_INCREMENT=3 DEFAULT CHARSET=utf8;
/*!40101 SET character_set_client = @saved_cs_client */;

--
-- Dumping data for table `banks`
--

LOCK TABLES `banks` WRITE;
/*!40000 ALTER TABLE `banks` DISABLE KEYS */;
INSERT INTO `banks` VALUES (1,1,'banco de venezuela','0102052500000141','ahorro','20990979',NULL,NULL),(2,1,'banco occidental del descuento','010206078954442','corriente','20990979',NULL,NULL);
/*!40000 ALTER TABLE `banks` ENABLE KEYS */;
UNLOCK TABLES;

--
-- Table structure for table `calendar`
--

DROP TABLE IF EXISTS `calendar`;
/*!40101 SET @saved_cs_client     = @@character_set_client */;
/*!40101 SET character_set_client = utf8 */;
CREATE TABLE `calendar` (
  `id` int(11) NOT NULL AUTO_INCREMENT,
  `event_id` int(11) DEFAULT NULL,
  `user_id` int(11) DEFAULT NULL,
  `start` varchar(100) DEFAULT NULL,
  `end` date DEFAULT NULL,
  `url` varchar(255) DEFAULT NULL,
  `allDay` varchar(255) DEFAULT NULL,
  `created_at` date DEFAULT NULL,
  `updated_at` date DEFAULT NULL,
  PRIMARY KEY (`id`)
) ENGINE=InnoDB AUTO_INCREMENT=3 DEFAULT CHARSET=utf8;
/*!40101 SET character_set_client = @saved_cs_client */;

--
-- Dumping data for table `calendar`
--

LOCK TABLES `calendar` WRITE;
/*!40000 ALTER TABLE `calendar` DISABLE KEYS */;
INSERT INTO `calendar` VALUES (1,4,4,'2016-05-03T09:30:00.000Z',NULL,NULL,'0','2016-05-02','2016-05-04'),(2,6,1,'2016-08-28T00:00:00.000Z',NULL,NULL,'1','2016-09-08','2016-09-08');
/*!40000 ALTER TABLE `calendar` ENABLE KEYS */;
UNLOCK TABLES;

--
-- Table structure for table `categorias`
--

DROP TABLE IF EXISTS `categorias`;
/*!40101 SET @saved_cs_client     = @@character_set_client */;
/*!40101 SET character_set_client = utf8 */;
CREATE TABLE `categorias` (
  `id` int(11) NOT NULL AUTO_INCREMENT,
  `desc` varchar(100) DEFAULT NULL,
  `created_at` date DEFAULT NULL,
  `updated_at` date DEFAULT NULL,
  PRIMARY KEY (`id`)
) ENGINE=InnoDB AUTO_INCREMENT=3 DEFAULT CHARSET=utf8;
/*!40101 SET character_set_client = @saved_cs_client */;

--
-- Dumping data for table `categorias`
--

LOCK TABLES `categorias` WRITE;
/*!40000 ALTER TABLE `categorias` DISABLE KEYS */;
INSERT INTO `categorias` VALUES (1,'Paginas web','2016-03-25','2016-03-25'),(2,'Soporte Técnico','2016-03-25','2016-03-25');
/*!40000 ALTER TABLE `categorias` ENABLE KEYS */;
UNLOCK TABLES;

--
-- Table structure for table `concepts`
--

DROP TABLE IF EXISTS `concepts`;
/*!40101 SET @saved_cs_client     = @@character_set_client */;
/*!40101 SET character_set_client = utf8 */;
CREATE TABLE `concepts` (
  `id` int(11) NOT NULL AUTO_INCREMENT,
  `cat_id` int(11) DEFAULT NULL,
  `desc` varchar(100) DEFAULT NULL,
  `price` varchar(15) DEFAULT NULL,
  `created_at` date DEFAULT NULL,
  `updated_at` date DEFAULT NULL,
  PRIMARY KEY (`id`)
) ENGINE=InnoDB AUTO_INCREMENT=7 DEFAULT CHARSET=utf8;
/*!40101 SET character_set_client = @saved_cs_client */;

--
-- Dumping data for table `concepts`
--

LOCK TABLES `concepts` WRITE;
/*!40000 ALTER TABLE `concepts` DISABLE KEYS */;
INSERT INTO `concepts` VALUES (1,1,'Pagina web informativa','60000','2016-03-25','2016-03-25'),(2,1,'Pagina web gestionable','80000','2016-03-25','2016-03-25'),(3,1,'Tienda virtual','120000','2016-03-25','2016-03-25'),(4,1,'e-commerce','200000','2016-03-25','2016-03-25'),(5,2,'Mantenimiento','50000','2016-03-25','2016-03-25'),(6,2,'Modificaciones a pagina web','70000','2016-03-25','2016-03-25');
/*!40000 ALTER TABLE `concepts` ENABLE KEYS */;
UNLOCK TABLES;

--
-- Table structure for table `connections`
--

DROP TABLE IF EXISTS `connections`;
/*!40101 SET @saved_cs_client     = @@character_set_client */;
/*!40101 SET character_set_client = utf8 */;
CREATE TABLE `connections` (
  `id` int(11) NOT NULL AUTO_INCREMENT,
  `user_ip` varchar(100) DEFAULT NULL,
  `connected_times` int(11) DEFAULT '1',
  `created_at` date DEFAULT NULL,
  `updated_at` date DEFAULT NULL,
  PRIMARY KEY (`id`)
) ENGINE=InnoDB AUTO_INCREMENT=333 DEFAULT CHARSET=utf8;
/*!40101 SET character_set_client = @saved_cs_client */;

--
-- Dumping data for table `connections`
--

LOCK TABLES `connections` WRITE;
/*!40000 ALTER TABLE `connections` DISABLE KEYS */;
INSERT INTO `connections` VALUES (1,'192.168.0.41',1,'2016-03-02','2016-03-02'),(2,'192.168.0.41',1,'2016-03-03','2016-03-03'),(3,'192.168.0.41',1,'2016-03-03','2016-03-03'),(4,'192.168.0.41',1,'2016-03-03','2016-03-03'),(5,'192.168.0.41',1,'2016-03-03','2016-03-03'),(6,'192.168.0.41',1,'2016-03-03','2016-03-03'),(7,'192.168.0.41',1,'2016-03-15','2016-03-15'),(8,'192.168.0.41',1,'2016-03-15','2016-03-15'),(9,'192.168.0.41',1,'2016-03-15','2016-03-15'),(10,'192.168.0.41',1,'2016-03-15','2016-03-15'),(11,'192.168.0.41',1,'2016-03-15','2016-03-15'),(12,'192.168.0.41',1,'2016-03-15','2016-03-15'),(13,'192.168.0.41',1,'2016-03-15','2016-03-15'),(14,'192.168.0.41',1,'2016-03-15','2016-03-15'),(15,'192.168.0.41',1,'2016-03-15','2016-03-15'),(16,'192.168.0.41',1,'2016-03-15','2016-03-15'),(17,'192.168.0.41',1,'2016-03-15','2016-03-15'),(18,'192.168.0.41',1,'2016-03-15','2016-03-15'),(19,'192.168.0.41',1,'2016-03-15','2016-03-15'),(20,'192.168.0.41',1,'2016-03-15','2016-03-15'),(21,'192.168.0.41',1,'2016-03-15','2016-03-15'),(22,'192.168.0.41',1,'2016-03-15','2016-03-15'),(23,'192.168.0.41',1,'2016-03-15','2016-03-15'),(24,'192.168.0.41',1,'2016-03-15','2016-03-15'),(25,'192.168.0.41',1,'2016-03-15','2016-03-15'),(26,'192.168.0.41',1,'2016-03-15','2016-03-15'),(27,'192.168.0.41',1,'2016-03-15','2016-03-15'),(28,'192.168.0.41',1,'2016-03-15','2016-03-15'),(29,'192.168.0.41',1,'2016-03-15','2016-03-15'),(30,'192.168.0.41',1,'2016-03-15','2016-03-15'),(31,'192.168.0.41',1,'2016-03-15','2016-03-15'),(32,'192.168.0.41',1,'2016-03-15','2016-03-15'),(33,'192.168.0.41',1,'2016-03-15','2016-03-15'),(34,'192.168.0.41',1,'2016-03-15','2016-03-15'),(35,'192.168.0.41',1,'2016-03-15','2016-03-15'),(36,'192.168.0.41',1,'2016-03-15','2016-03-15'),(37,'192.168.0.41',1,'2016-03-15','2016-03-15'),(38,'192.168.0.41',1,'2016-03-15','2016-03-15'),(39,'192.168.0.41',1,'2016-03-15','2016-03-15'),(40,'192.168.0.41',1,'2016-03-15','2016-03-15'),(41,'192.168.0.41',1,'2016-03-15','2016-03-15'),(42,'192.168.0.41',1,'2016-03-15','2016-03-15'),(43,'192.168.0.41',1,'2016-03-15','2016-03-15'),(44,'192.168.0.41',1,'2016-03-15','2016-03-15'),(45,'192.168.0.41',1,'2016-03-15','2016-03-15'),(46,'192.168.0.41',1,'2016-03-15','2016-03-15'),(47,'192.168.0.41',1,'2016-03-15','2016-03-15'),(48,'192.168.0.41',1,'2016-03-15','2016-03-15'),(49,'192.168.0.41',1,'2016-03-15','2016-03-15'),(50,'192.168.0.41',1,'2016-03-15','2016-03-15'),(51,'192.168.0.41',1,'2016-03-15','2016-03-15'),(52,'192.168.0.41',1,'2016-03-15','2016-03-15'),(53,'192.168.0.41',1,'2016-03-15','2016-03-15'),(54,'192.168.0.41',1,'2016-03-15','2016-03-15'),(55,'192.168.0.41',1,'2016-03-15','2016-03-15'),(56,'192.168.0.41',1,'2016-03-15','2016-03-15'),(57,'192.168.0.41',1,'2016-03-15','2016-03-15'),(58,'192.168.0.41',1,'2016-03-15','2016-03-15'),(59,'192.168.0.41',1,'2016-03-15','2016-03-15'),(60,'192.168.0.41',1,'2016-03-15','2016-03-15'),(61,'192.168.0.41',1,'2016-03-20','2016-03-20'),(62,'192.168.0.41',1,'2016-03-20','2016-03-20'),(63,'192.168.0.41',1,'2016-03-20','2016-03-20'),(64,'192.168.0.41',1,'2016-03-20','2016-03-20'),(65,'192.168.0.41',1,'2016-03-20','2016-03-20'),(66,'192.168.0.41',1,'2016-03-20','2016-03-20'),(67,'192.168.0.41',1,'2016-03-20','2016-03-20'),(68,'192.168.0.41',1,'2016-03-20','2016-03-20'),(69,'192.168.0.41',1,'2016-03-20','2016-03-20'),(70,'192.168.0.41',1,'2016-03-20','2016-03-20'),(71,'192.168.0.41',1,'2016-03-20','2016-03-20'),(72,'192.168.0.41',1,'2016-03-20','2016-03-20'),(73,'192.168.0.41',1,'2016-03-20','2016-03-20'),(74,'192.168.0.41',1,'2016-03-20','2016-03-20'),(75,'192.168.0.41',1,'2016-03-20','2016-03-20'),(76,'192.168.0.41',1,'2016-03-20','2016-03-20'),(77,'192.168.0.41',1,'2016-03-20','2016-03-20'),(78,'192.168.0.41',1,'2016-03-20','2016-03-20'),(79,'192.168.0.41',1,'2016-03-20','2016-03-20'),(80,'192.168.0.41',1,'2016-03-20','2016-03-20'),(81,'192.168.0.41',1,'2016-03-24','2016-03-24'),(82,'192.168.0.41',1,'2016-03-24','2016-03-24'),(83,'192.168.0.41',1,'2016-03-24','2016-03-24'),(84,'192.168.0.41',1,'2016-03-24','2016-03-24'),(85,'192.168.0.41',1,'2016-03-24','2016-03-24'),(86,'192.168.0.41',1,'2016-03-24','2016-03-24'),(87,'192.168.0.41',1,'2016-03-24','2016-03-24'),(88,'192.168.0.41',1,'2016-03-24','2016-03-24'),(89,'192.168.0.41',1,'2016-03-24','2016-03-24'),(90,'192.168.0.41',1,'2016-03-25','2016-03-25'),(91,'192.168.0.41',1,'2016-03-25','2016-03-25'),(92,'192.168.0.41',1,'2016-03-25','2016-03-25'),(93,'192.168.0.41',1,'2016-03-25','2016-03-25'),(94,'192.168.0.41',1,'2016-03-25','2016-03-25'),(95,'192.168.0.41',1,'2016-03-25','2016-03-25'),(96,'192.168.0.41',1,'2016-03-25','2016-03-25'),(97,'192.168.0.41',1,'2016-03-25','2016-03-25'),(98,'192.168.0.41',1,'2016-03-25','2016-03-25'),(99,'192.168.0.41',1,'2016-03-25','2016-03-25'),(100,'192.168.0.41',1,'2016-03-25','2016-03-25'),(101,'192.168.0.41',1,'2016-03-25','2016-03-25'),(102,'192.168.0.41',1,'2016-03-25','2016-03-25'),(103,'192.168.0.41',1,'2016-03-25','2016-03-25'),(104,'192.168.0.41',1,'2016-03-25','2016-03-25'),(105,'192.168.0.41',1,'2016-03-25','2016-03-25'),(106,'192.168.0.41',1,'2016-03-25','2016-03-25'),(107,'192.168.0.41',1,'2016-03-25','2016-03-25'),(108,'192.168.0.41',1,'2016-03-25','2016-03-25'),(109,'192.168.0.41',1,'2016-03-25','2016-03-25'),(110,'192.168.0.41',1,'2016-03-25','2016-03-25'),(111,'192.168.0.41',1,'2016-03-25','2016-03-25'),(112,'192.168.0.41',1,'2016-03-25','2016-03-25'),(113,'192.168.0.41',1,'2016-03-25','2016-03-25'),(114,'192.168.0.41',1,'2016-03-25','2016-03-25'),(115,'192.168.0.41',1,'2016-03-25','2016-03-25'),(116,'192.168.0.41',1,'2016-03-25','2016-03-25'),(117,'192.168.0.41',1,'2016-03-25','2016-03-25'),(118,'192.168.0.41',1,'2016-03-25','2016-03-25'),(119,'192.168.0.41',1,'2016-03-25','2016-03-25'),(120,'192.168.0.41',1,'2016-03-25','2016-03-25'),(121,'192.168.0.41',1,'2016-03-25','2016-03-25'),(122,'192.168.0.41',1,'2016-03-25','2016-03-25'),(123,'192.168.0.41',1,'2016-03-25','2016-03-25'),(124,'192.168.0.41',1,'2016-03-25','2016-03-25'),(125,'192.168.0.41',1,'2016-03-25','2016-03-25'),(126,'192.168.0.41',1,'2016-03-25','2016-03-25'),(127,'192.168.0.41',1,'2016-03-25','2016-03-25'),(128,'192.168.0.41',1,'2016-03-25','2016-03-25'),(129,'192.168.0.41',1,'2016-03-25','2016-03-25'),(130,'192.168.0.41',1,'2016-03-25','2016-03-25'),(131,'192.168.0.41',1,'2016-03-25','2016-03-25'),(132,'192.168.0.41',1,'2016-03-25','2016-03-25'),(133,'192.168.0.41',1,'2016-03-25','2016-03-25'),(134,'192.168.0.41',1,'2016-03-25','2016-03-25'),(135,'192.168.0.41',1,'2016-03-25','2016-03-25'),(136,'192.168.0.41',1,'2016-03-25','2016-03-25'),(137,'192.168.0.41',1,'2016-03-25','2016-03-25'),(138,'192.168.0.41',1,'2016-03-25','2016-03-25'),(139,'192.168.0.41',1,'2016-03-25','2016-03-25'),(140,'192.168.0.41',1,'2016-03-25','2016-03-25'),(141,'192.168.0.41',1,'2016-03-25','2016-03-25'),(142,'192.168.0.41',1,'2016-03-25','2016-03-25'),(143,'192.168.0.41',1,'2016-03-25','2016-03-25'),(144,'192.168.0.41',1,'2016-03-25','2016-03-25'),(145,'192.168.0.41',1,'2016-03-25','2016-03-25'),(146,'192.168.0.41',1,'2016-03-25','2016-03-25'),(147,'192.168.0.41',1,'2016-03-25','2016-03-25'),(148,'192.168.0.41',1,'2016-03-25','2016-03-25'),(149,'192.168.0.41',1,'2016-03-25','2016-03-25'),(150,'192.168.0.41',1,'2016-03-25','2016-03-25'),(151,'192.168.0.41',1,'2016-03-25','2016-03-25'),(152,'192.168.0.41',1,'2016-03-25','2016-03-25'),(153,'192.168.0.41',1,'2016-03-25','2016-03-25'),(154,'192.168.0.41',1,'2016-03-25','2016-03-25'),(155,'192.168.0.41',1,'2016-03-25','2016-03-25'),(156,'192.168.0.41',1,'2016-03-25','2016-03-25'),(157,'192.168.0.41',1,'2016-03-25','2016-03-25'),(158,'192.168.0.41',1,'2016-03-25','2016-03-25'),(159,'192.168.0.41',1,'2016-03-25','2016-03-25'),(160,'192.168.0.41',1,'2016-03-25','2016-03-25'),(161,'192.168.0.41',1,'2016-03-30','2016-03-30'),(162,'192.168.0.41',1,'2016-03-30','2016-03-30'),(163,'192.168.0.41',1,'2016-03-30','2016-03-30'),(164,'192.168.0.41',1,'2016-03-30','2016-03-30'),(165,'192.168.0.41',1,'2016-03-30','2016-03-30'),(166,'192.168.0.41',1,'2016-03-30','2016-03-30'),(167,'192.168.0.41',1,'2016-03-30','2016-03-30'),(168,'192.168.0.41',1,'2016-03-30','2016-03-30'),(169,'192.168.0.41',1,'2016-03-30','2016-03-30'),(170,'192.168.0.41',1,'2016-03-30','2016-03-30'),(171,'192.168.0.41',1,'2016-03-30','2016-03-30'),(172,'192.168.0.41',1,'2016-03-30','2016-03-30'),(173,'192.168.0.41',1,'2016-03-30','2016-03-30'),(174,'192.168.0.41',1,'2016-03-30','2016-03-30'),(175,'192.168.0.41',1,'2016-03-30','2016-03-30'),(176,'192.168.0.41',1,'2016-03-30','2016-03-30'),(177,'192.168.0.41',1,'2016-03-30','2016-03-30'),(178,'192.168.0.41',1,'2016-03-30','2016-03-30'),(179,'192.168.0.41',1,'2016-03-30','2016-03-30'),(180,'192.168.0.41',1,'2016-03-30','2016-03-30'),(181,'192.168.0.41',1,'2016-03-30','2016-03-30'),(182,'192.168.0.41',1,'2016-03-30','2016-03-30'),(183,'192.168.0.41',1,'2016-03-30','2016-03-30'),(184,'192.168.0.41',1,'2016-03-30','2016-03-30'),(185,'192.168.0.41',1,'2016-03-30','2016-03-30'),(186,'192.168.0.41',1,'2016-03-30','2016-03-30'),(187,'192.168.0.41',1,'2016-03-30','2016-03-30'),(188,'192.168.0.41',1,'2016-03-30','2016-03-30'),(189,'192.168.0.41',1,'2016-03-30','2016-03-30'),(190,'192.168.0.41',1,'2016-03-30','2016-03-30'),(191,'192.168.0.41',1,'2016-03-30','2016-03-30'),(192,'192.168.0.41',1,'2016-03-30','2016-03-30'),(193,'192.168.0.41',1,'2016-03-30','2016-03-30'),(194,'192.168.0.41',1,'2016-03-30','2016-03-30'),(195,'192.168.0.41',1,'2016-03-30','2016-03-30'),(196,'192.168.0.41',1,'2016-03-30','2016-03-30'),(197,'192.168.0.41',1,'2016-03-30','2016-03-30'),(198,'192.168.0.41',1,'2016-03-30','2016-03-30'),(199,'192.168.0.41',1,'2016-03-30','2016-03-30'),(200,'192.168.0.41',1,'2016-03-30','2016-03-30'),(201,'192.168.0.41',1,'2016-03-30','2016-03-30'),(202,'192.168.0.41',1,'2016-03-30','2016-03-30'),(203,'192.168.0.41',1,'2016-03-30','2016-03-30'),(204,'192.168.0.41',1,'2016-03-30','2016-03-30'),(205,'192.168.0.41',1,'2016-03-30','2016-03-30'),(206,'192.168.0.41',1,'2016-03-30','2016-03-30'),(207,'192.168.0.41',1,'2016-03-30','2016-03-30'),(208,'192.168.0.41',1,'2016-03-30','2016-03-30'),(209,'192.168.0.41',1,'2016-03-30','2016-03-30'),(210,'192.168.0.41',1,'2016-03-30','2016-03-30'),(211,'192.168.0.41',1,'2016-03-30','2016-03-30'),(212,'192.168.0.41',1,'2016-03-30','2016-03-30'),(213,'192.168.0.41',1,'2016-03-30','2016-03-30'),(214,'192.168.0.41',1,'2016-03-30','2016-03-30'),(215,'192.168.0.41',1,'2016-03-30','2016-03-30'),(216,'192.168.0.41',1,'2016-03-30','2016-03-30'),(217,'192.168.0.41',1,'2016-03-30','2016-03-30'),(218,'192.168.0.41',1,'2016-03-30','2016-03-30'),(219,'192.168.0.41',1,'2016-03-30','2016-03-30'),(220,'192.168.0.41',1,'2016-03-30','2016-03-30'),(221,'192.168.0.41',1,'2016-03-30','2016-03-30'),(222,'192.168.0.41',1,'2016-03-30','2016-03-30'),(223,'192.168.0.41',1,'2016-03-30','2016-03-30'),(224,'192.168.0.41',1,'2016-03-30','2016-03-30'),(225,'192.168.0.41',1,'2016-03-30','2016-03-30'),(226,'192.168.0.41',1,'2016-03-30','2016-03-30'),(227,'192.168.0.41',1,'2016-03-30','2016-03-30'),(228,'192.168.0.41',1,'2016-03-30','2016-03-30'),(229,'192.168.0.41',1,'2016-03-30','2016-03-30'),(230,'192.168.0.41',1,'2016-03-30','2016-03-30'),(231,'192.168.0.41',1,'2016-03-30','2016-03-30'),(232,'192.168.0.41',1,'2016-03-30','2016-03-30'),(233,'192.168.0.41',1,'2016-03-30','2016-03-30'),(234,'192.168.0.41',1,'2016-03-30','2016-03-30'),(235,'192.168.0.41',1,'2016-03-30','2016-03-30'),(236,'192.168.0.41',1,'2016-03-30','2016-03-30'),(237,'192.168.0.41',1,'2016-03-30','2016-03-30'),(238,'192.168.0.41',1,'2016-03-30','2016-03-30'),(239,'192.168.0.41',1,'2016-03-30','2016-03-30'),(240,'192.168.0.41',1,'2016-03-30','2016-03-30'),(241,'192.168.0.41',1,'2016-03-30','2016-03-30'),(242,'192.168.0.41',1,'2016-03-30','2016-03-30'),(243,'192.168.0.41',1,'2016-03-30','2016-03-30'),(244,'192.168.0.41',1,'2016-03-30','2016-03-30'),(245,'192.168.0.41',1,'2016-03-30','2016-03-30'),(246,'192.168.0.41',1,'2016-03-30','2016-03-30'),(247,'192.168.0.41',1,'2016-03-30','2016-03-30'),(248,'192.168.0.41',1,'2016-03-30','2016-03-30'),(249,'192.168.0.41',1,'2016-03-30','2016-03-30'),(250,'192.168.0.41',1,'2016-03-30','2016-03-30'),(251,'192.168.0.41',1,'2016-03-30','2016-03-30'),(252,'192.168.0.41',1,'2016-03-30','2016-03-30'),(253,'192.168.0.41',1,'2016-03-30','2016-03-30'),(254,'192.168.0.41',1,'2016-03-30','2016-03-30'),(255,'192.168.0.41',1,'2016-03-30','2016-03-30'),(256,'192.168.0.41',1,'2016-03-30','2016-03-30'),(257,'192.168.0.41',1,'2016-03-30','2016-03-30'),(258,'192.168.0.41',1,'2016-03-30','2016-03-30'),(259,'192.168.0.41',1,'2016-03-30','2016-03-30'),(260,'192.168.0.41',1,'2016-03-30','2016-03-30'),(261,'192.168.0.41',1,'2016-03-31','2016-03-31'),(262,'192.168.0.41',1,'2016-03-31','2016-03-31'),(263,'192.168.0.41',1,'2016-03-31','2016-03-31'),(264,'192.168.0.41',1,'2016-03-31','2016-03-31'),(265,'192.168.0.41',1,'2016-03-31','2016-03-31'),(266,'192.168.0.41',1,'2016-03-31','2016-03-31'),(267,'192.168.0.41',1,'2016-03-31','2016-03-31'),(268,'192.168.0.41',1,'2016-03-31','2016-03-31'),(269,'192.168.0.41',1,'2016-03-31','2016-03-31'),(270,'192.168.0.41',1,'2016-03-31','2016-03-31'),(271,'192.168.0.41',1,'2016-03-31','2016-03-31'),(272,'192.168.0.41',1,'2016-03-31','2016-03-31'),(273,'192.168.0.41',1,'2016-03-31','2016-03-31'),(274,'192.168.0.41',1,'2016-03-31','2016-03-31'),(275,'192.168.0.41',1,'2016-03-31','2016-03-31'),(276,'192.168.0.41',1,'2016-03-31','2016-03-31'),(277,'192.168.0.41',1,'2016-03-31','2016-03-31'),(278,'192.168.0.41',1,'2016-03-31','2016-03-31'),(279,'192.168.0.41',1,'2016-03-31','2016-03-31'),(280,'192.168.0.41',1,'2016-03-31','2016-03-31'),(281,'192.168.0.41',1,'2016-03-31','2016-03-31'),(282,'192.168.0.41',1,'2016-03-31','2016-03-31'),(283,'192.168.0.41',1,'2016-03-31','2016-03-31'),(284,'192.168.0.41',1,'2016-03-31','2016-03-31'),(285,'192.168.0.41',1,'2016-03-31','2016-03-31'),(286,'192.168.0.41',1,'2016-04-01','2016-04-01'),(287,'192.168.0.41',1,'2016-04-01','2016-04-01'),(288,'192.168.0.41',1,'2016-04-01','2016-04-01'),(289,'192.168.0.41',1,'2016-04-01','2016-04-01'),(290,'192.168.0.41',1,'2016-04-01','2016-04-01'),(291,'192.168.0.41',1,'2016-04-01','2016-04-01'),(292,'192.168.0.41',1,'2016-04-01','2016-04-01'),(293,'192.168.0.41',1,'2016-04-01','2016-04-01'),(294,'192.168.0.41',1,'2016-04-01','2016-04-01'),(295,'192.168.0.41',1,'2016-04-01','2016-04-01'),(296,'192.168.0.41',1,'2016-04-01','2016-04-01'),(297,'192.168.0.41',1,'2016-04-01','2016-04-01'),(298,'192.168.0.41',1,'2016-04-01','2016-04-01'),(299,'192.168.0.41',1,'2016-04-01','2016-04-01'),(300,'192.168.0.41',1,'2016-04-01','2016-04-01'),(301,'192.168.0.41',1,'2016-04-01','2016-04-01'),(302,'192.168.0.41',1,'2016-04-01','2016-04-01'),(303,'192.168.0.41',1,'2016-04-01','2016-04-01'),(304,'192.168.0.41',1,'2016-04-01','2016-04-01'),(305,'192.168.0.41',1,'2016-04-01','2016-04-01'),(306,'192.168.0.41',1,'2016-04-01','2016-04-01'),(307,'192.168.0.41',1,'2016-04-01','2016-04-01'),(308,'192.168.0.41',1,'2016-04-01','2016-04-01'),(309,'192.168.0.41',1,'2016-04-01','2016-04-01'),(310,'192.168.0.41',1,'2016-04-01','2016-04-01'),(311,'192.168.0.41',1,'2016-04-01','2016-04-01'),(312,'192.168.0.41',1,'2016-04-01','2016-04-01'),(313,'192.168.0.41',1,'2016-04-01','2016-04-01'),(314,'192.168.0.41',1,'2016-04-01','2016-04-01'),(315,'192.168.0.41',1,'2016-04-01','2016-04-01'),(316,'192.168.0.41',1,'2016-04-01','2016-04-01'),(317,'192.168.0.41',1,'2016-04-01','2016-04-01'),(318,'192.168.0.41',1,'2016-04-01','2016-04-01'),(319,'192.168.0.41',1,'2016-04-01','2016-04-01'),(320,'192.168.0.41',1,'2016-04-04','2016-04-04'),(321,'192.168.0.41',1,'2016-04-04','2016-04-04'),(322,'192.168.0.41',1,'2016-04-04','2016-04-04'),(323,'192.168.0.41',1,'2016-04-04','2016-04-04'),(324,'192.168.0.41',1,'2016-04-04','2016-04-04'),(325,'192.168.0.41',1,'2016-04-04','2016-04-04'),(326,'192.168.0.41',1,'2016-04-04','2016-04-04'),(327,'192.168.0.41',1,'2016-04-04','2016-04-04'),(328,'192.168.0.41',1,'2016-04-04','2016-04-04'),(329,'192.168.0.41',1,'2016-04-04','2016-04-04'),(330,'192.168.0.41',1,'2016-04-04','2016-04-04'),(331,'192.168.0.41',1,'2016-04-04','2016-04-04'),(332,'192.168.0.41',1,'2016-04-04','2016-04-04');
/*!40000 ALTER TABLE `connections` ENABLE KEYS */;
UNLOCK TABLES;

--
-- Table structure for table `context`
--

DROP TABLE IF EXISTS `context`;
/*!40101 SET @saved_cs_client     = @@character_set_client */;
/*!40101 SET character_set_client = utf8 */;
CREATE TABLE `context` (
  `id` int(11) NOT NULL AUTO_INCREMENT,
  `context` varchar(45) DEFAULT NULL,
  PRIMARY KEY (`id`)
) ENGINE=InnoDB AUTO_INCREMENT=3 DEFAULT CHARSET=utf8;
/*!40101 SET character_set_client = @saved_cs_client */;

--
-- Dumping data for table `context`
--

LOCK TABLES `context` WRITE;
/*!40000 ALTER TABLE `context` DISABLE KEYS */;
INSERT INTO `context` VALUES (1,'new_user'),(2,'deleted_user');
/*!40000 ALTER TABLE `context` ENABLE KEYS */;
UNLOCK TABLES;

--
-- Table structure for table `department_assingments`
--

DROP TABLE IF EXISTS `department_assingments`;
/*!40101 SET @saved_cs_client     = @@character_set_client */;
/*!40101 SET character_set_client = utf8 */;
CREATE TABLE `department_assingments` (
  `id` int(11) NOT NULL AUTO_INCREMENT,
  `department_id` int(11) DEFAULT NULL,
  `user_id` int(11) DEFAULT NULL,
  `created_at` date DEFAULT NULL,
  `updated_at` date DEFAULT NULL,
  PRIMARY KEY (`id`)
) ENGINE=InnoDB AUTO_INCREMENT=11 DEFAULT CHARSET=utf8;
/*!40101 SET character_set_client = @saved_cs_client */;

--
-- Dumping data for table `department_assingments`
--

LOCK TABLES `department_assingments` WRITE;
/*!40000 ALTER TABLE `department_assingments` DISABLE KEYS */;
INSERT INTO `department_assingments` VALUES (4,2,4,'2016-02-25','2016-02-25'),(9,1,1,'2016-02-26','2016-02-26'),(10,1,3,'2016-02-26','2016-02-26');
/*!40000 ALTER TABLE `department_assingments` ENABLE KEYS */;
UNLOCK TABLES;

--
-- Table structure for table `departments`
--

DROP TABLE IF EXISTS `departments`;
/*!40101 SET @saved_cs_client     = @@character_set_client */;
/*!40101 SET character_set_client = utf8 */;
CREATE TABLE `departments` (
  `id` int(11) NOT NULL AUTO_INCREMENT,
  `name` varchar(100) DEFAULT NULL,
  `deleted` int(11) DEFAULT '0',
  `created_at` date DEFAULT NULL,
  `updated_at` date DEFAULT NULL,
  PRIMARY KEY (`id`)
) ENGINE=InnoDB AUTO_INCREMENT=7 DEFAULT CHARSET=utf8;
/*!40101 SET character_set_client = @saved_cs_client */;

--
-- Dumping data for table `departments`
--

LOCK TABLES `departments` WRITE;
/*!40000 ALTER TABLE `departments` DISABLE KEYS */;
INSERT INTO `departments` VALUES (1,'Sitios web',0,'2016-02-25','2016-02-25'),(2,'Diseño grafico',0,'2016-02-25','2016-02-25'),(3,'borrameeee',1,'2016-02-26','2016-02-26'),(4,'borrameeee',1,'2016-02-26','2016-02-26'),(5,'pepepe',1,'2016-02-26','2016-02-26'),(6,'Fer es gay',1,'2016-02-26','2016-02-26');
/*!40000 ALTER TABLE `departments` ENABLE KEYS */;
UNLOCK TABLES;

--
-- Table structure for table `events`
--

DROP TABLE IF EXISTS `events`;
/*!40101 SET @saved_cs_client     = @@character_set_client */;
/*!40101 SET character_set_client = utf8 */;
CREATE TABLE `events` (
  `id` int(11) NOT NULL AUTO_INCREMENT,
  `title` varchar(45) DEFAULT NULL,
  `user_id` int(11) DEFAULT NULL,
  `color` varchar(45) DEFAULT NULL,
  `created_at` date DEFAULT NULL,
  `updated_at` date DEFAULT NULL,
  PRIMARY KEY (`id`)
) ENGINE=InnoDB AUTO_INCREMENT=7 DEFAULT CHARSET=utf8;
/*!40101 SET character_set_client = @saved_cs_client */;

--
-- Dumping data for table `events`
--

LOCK TABLES `events` WRITE;
/*!40000 ALTER TABLE `events` DISABLE KEYS */;
INSERT INTO `events` VALUES (1,'verde',4,'rgb(221, 75, 57)','2016-04-05','2016-04-05'),(2,'bleh',4,'rgb(240, 18, 190)','2016-04-05','2016-04-05'),(3,'adfdaf',4,'rgb(0, 31, 63)','2016-04-08','2016-04-08'),(4,'adfadf',4,'rgb(96, 92, 168)','2016-04-08','2016-04-08'),(5,'mi novia es hermosa',4,'rgb(243, 156, 18)','2016-04-10','2016-04-10'),(6,'hola',1,'rgb(221, 75, 57)','2016-04-25','2016-04-25');
/*!40000 ALTER TABLE `events` ENABLE KEYS */;
UNLOCK TABLES;

--
-- Table structure for table `factura_items`
--

DROP TABLE IF EXISTS `factura_items`;
/*!40101 SET @saved_cs_client     = @@character_set_client */;
/*!40101 SET character_set_client = utf8 */;
CREATE TABLE `factura_items` (
  `id` int(11) NOT NULL AUTO_INCREMENT,
  `factura_id` int(11) DEFAULT NULL,
  `concept_id` int(11) DEFAULT NULL,
  `qty` int(11) DEFAULT NULL,
  `created_at` date DEFAULT NULL,
  `updated_at` date DEFAULT NULL,
  PRIMARY KEY (`id`)
) ENGINE=InnoDB AUTO_INCREMENT=3 DEFAULT CHARSET=utf8;
/*!40101 SET character_set_client = @saved_cs_client */;

--
-- Dumping data for table `factura_items`
--

LOCK TABLES `factura_items` WRITE;
/*!40000 ALTER TABLE `factura_items` DISABLE KEYS */;
INSERT INTO `factura_items` VALUES (1,1,6,5,'2016-04-26','2016-04-26'),(2,1,5,4,'2016-04-26','2016-04-26');
/*!40000 ALTER TABLE `factura_items` ENABLE KEYS */;
UNLOCK TABLES;

--
-- Table structure for table `facturas`
--

DROP TABLE IF EXISTS `facturas`;
/*!40101 SET @saved_cs_client     = @@character_set_client */;
/*!40101 SET character_set_client = utf8 */;
CREATE TABLE `facturas` (
  `id` int(11) NOT NULL AUTO_INCREMENT,
  `user_id` int(11) DEFAULT NULL,
  `currency` varchar(5) DEFAULT NULL,
  `price` float DEFAULT NULL,
  `created_at` date DEFAULT NULL,
  `updated_at` date DEFAULT NULL,
  PRIMARY KEY (`id`)
) ENGINE=InnoDB AUTO_INCREMENT=2 DEFAULT CHARSET=utf8;
/*!40101 SET character_set_client = @saved_cs_client */;

--
-- Dumping data for table `facturas`
--

LOCK TABLES `facturas` WRITE;
/*!40000 ALTER TABLE `facturas` DISABLE KEYS */;
INSERT INTO `facturas` VALUES (1,5,'USD',1000,'2016-04-26','2016-04-26');
/*!40000 ALTER TABLE `facturas` ENABLE KEYS */;
UNLOCK TABLES;

--
-- Table structure for table `files`
--

DROP TABLE IF EXISTS `files`;
/*!40101 SET @saved_cs_client     = @@character_set_client */;
/*!40101 SET character_set_client = utf8 */;
CREATE TABLE `files` (
  `id` int(11) NOT NULL AUTO_INCREMENT,
  `ticket_id` int(11) DEFAULT NULL,
  `file` varchar(100) DEFAULT NULL,
  `created_at` date DEFAULT NULL,
  `updated_at` date DEFAULT NULL,
  PRIMARY KEY (`id`)
) ENGINE=InnoDB AUTO_INCREMENT=7 DEFAULT CHARSET=utf8;
/*!40101 SET character_set_client = @saved_cs_client */;

--
-- Dumping data for table `files`
--

LOCK TABLES `files` WRITE;
/*!40000 ALTER TABLE `files` DISABLE KEYS */;
INSERT INTO `files` VALUES (2,6,'1456780912.jpg','2016-02-29','2016-02-29'),(3,7,'1456781122.jpg','2016-02-29','2016-02-29'),(4,8,'1456838192.jpg','2016-03-01','2016-03-01'),(5,8,'1456858968.docx','2016-03-01','2016-03-01'),(6,9,'1460467004.jpg','2016-04-12','2016-04-12');
/*!40000 ALTER TABLE `files` ENABLE KEYS */;
UNLOCK TABLES;

--
-- Table structure for table `logs`
--

DROP TABLE IF EXISTS `logs`;
/*!40101 SET @saved_cs_client     = @@character_set_client */;
/*!40101 SET character_set_client = utf8 */;
CREATE TABLE `logs` (
  `id` int(11) NOT NULL AUTO_INCREMENT,
  `user_id` int(11) DEFAULT NULL,
  `login` datetime DEFAULT NULL,
  `logout` datetime DEFAULT NULL,
  `created_at` date DEFAULT NULL,
  `updated_at` date DEFAULT NULL,
  PRIMARY KEY (`id`)
) ENGINE=InnoDB AUTO_INCREMENT=106 DEFAULT CHARSET=utf8;
/*!40101 SET character_set_client = @saved_cs_client */;

--
-- Dumping data for table `logs`
--

LOCK TABLES `logs` WRITE;
/*!40000 ALTER TABLE `logs` DISABLE KEYS */;
INSERT INTO `logs` VALUES (1,1,'2016-02-02 03:48:40','2016-02-02 03:50:01','2016-02-02','2016-02-02'),(2,1,'2016-02-02 04:22:21',NULL,'2016-02-02','2016-02-02'),(3,1,'2016-02-02 13:45:32',NULL,'2016-02-02','2016-02-02'),(4,1,'2016-02-02 20:19:55',NULL,'2016-02-02','2016-02-02'),(5,1,'2016-02-02 20:24:12','2016-02-02 20:45:17','2016-02-02','2016-02-02'),(6,1,'2016-02-02 20:45:36',NULL,'2016-02-02','2016-02-02'),(7,1,'2016-02-02 21:09:39',NULL,'2016-02-02','2016-02-02'),(8,1,'2016-02-02 21:15:32',NULL,'2016-02-02','2016-02-02'),(9,1,'2016-02-02 21:18:40',NULL,'2016-02-02','2016-02-02'),(10,1,'2016-02-02 21:18:52',NULL,'2016-02-02','2016-02-02'),(11,1,'2016-02-02 21:24:12',NULL,'2016-02-02','2016-02-02'),(12,1,'2016-02-04 13:40:56','2016-02-04 14:00:53','2016-02-04','2016-02-04'),(13,1,'2016-02-04 14:01:04',NULL,'2016-02-04','2016-02-04'),(14,1,'2016-02-04 19:35:36',NULL,'2016-02-04','2016-02-04'),(15,1,'2016-02-05 16:31:13',NULL,'2016-02-05','2016-02-05'),(16,1,'2016-02-15 14:46:23','2016-02-15 14:56:07','2016-02-15','2016-02-15'),(17,1,'2016-02-15 15:04:17',NULL,'2016-02-15','2016-02-15'),(18,1,'2016-02-22 14:25:01','2016-02-22 17:04:02','2016-02-22','2016-02-22'),(19,3,'2016-02-22 17:04:13',NULL,'2016-02-22','2016-02-22'),(20,3,'2016-02-22 18:36:48','2016-02-22 20:15:34','2016-02-22','2016-02-22'),(21,3,'2016-02-22 20:16:53',NULL,'2016-02-22','2016-02-22'),(22,3,'2016-02-22 20:41:52',NULL,'2016-02-22','2016-02-22'),(23,3,'2016-02-24 19:02:18',NULL,'2016-02-24','2016-02-24'),(24,3,'2016-02-25 12:47:50','2016-02-25 13:14:24','2016-02-25','2016-02-25'),(25,4,'2016-02-25 13:14:54','2016-02-25 13:27:32','2016-02-25','2016-02-25'),(26,5,'2016-02-25 13:30:39','2016-02-25 15:06:43','2016-02-25','2016-02-25'),(27,3,'2016-02-25 15:10:26',NULL,'2016-02-25','2016-02-25'),(28,3,'2016-02-25 16:51:14','2016-02-26 15:47:17','2016-02-25','2016-02-26'),(29,5,'2016-02-26 15:48:34','2016-02-26 19:57:31','2016-02-26','2016-02-26'),(30,3,'2016-02-26 19:57:42','2016-02-26 20:32:29','2016-02-26','2016-02-26'),(31,5,'2016-02-26 20:32:53','2016-02-26 20:40:01','2016-02-26','2016-02-26'),(32,3,'2016-02-26 20:40:10',NULL,'2016-02-26','2016-02-26'),(33,3,'2016-02-27 17:07:17','2016-02-28 22:37:39','2016-02-27','2016-02-28'),(34,4,'2016-02-28 22:38:43',NULL,'2016-02-28','2016-02-28'),(35,4,'2016-02-29 13:07:59',NULL,'2016-02-29','2016-02-29'),(36,4,'2016-02-29 13:10:01',NULL,'2016-02-29','2016-02-29'),(37,4,'2016-02-29 13:15:50',NULL,'2016-02-29','2016-02-29'),(38,4,'2016-02-29 13:21:10',NULL,'2016-02-29','2016-02-29'),(39,4,'2016-02-29 16:59:27','2016-02-29 17:59:19','2016-02-29','2016-02-29'),(40,5,'2016-02-29 18:01:30','2016-02-29 20:20:39','2016-02-29','2016-02-29'),(41,4,'2016-02-29 20:21:08',NULL,'2016-02-29','2016-02-29'),(42,4,'2016-03-01 13:00:14',NULL,'2016-03-01','2016-03-01'),(43,4,'2016-03-02 12:52:29',NULL,'2016-03-02','2016-03-02'),(44,4,'2016-03-02 14:45:15',NULL,'2016-03-02','2016-03-02'),(45,4,'2016-03-03 13:51:39',NULL,'2016-03-03','2016-03-03'),(46,4,'2016-03-03 18:53:55',NULL,'2016-03-03','2016-03-03'),(47,4,'2016-03-20 15:22:29',NULL,'2016-03-20','2016-03-20'),(48,4,'2016-03-20 15:27:37',NULL,'2016-03-20','2016-03-20'),(49,4,'2016-03-20 15:29:07',NULL,'2016-03-20','2016-03-20'),(50,4,'2016-03-20 15:29:22',NULL,'2016-03-20','2016-03-20'),(51,4,'2016-03-20 15:31:14',NULL,'2016-03-20','2016-03-20'),(52,4,'2016-03-24 20:24:17',NULL,'2016-03-24','2016-03-24'),(53,4,'2016-03-25 04:44:20',NULL,'2016-03-25','2016-03-25'),(54,4,'2016-03-25 14:16:52',NULL,'2016-03-25','2016-03-25'),(55,4,'2016-03-30 13:39:23','2016-03-30 13:39:44','2016-03-30','2016-03-30'),(56,1,'2016-03-30 13:42:14',NULL,'2016-03-30','2016-03-30'),(57,4,'2016-03-30 18:16:51',NULL,'2016-03-30','2016-03-30'),(58,4,'2016-03-31 13:52:22',NULL,'2016-03-31','2016-03-31'),(59,4,'2016-03-31 17:31:14',NULL,'2016-03-31','2016-03-31'),(60,1,'2016-04-01 15:07:13',NULL,'2016-04-01','2016-04-01'),(61,4,'2016-04-01 17:38:26',NULL,'2016-04-01','2016-04-01'),(62,4,'2016-04-04 18:04:39',NULL,'2016-04-04','2016-04-04'),(63,4,'2016-04-04 20:03:06',NULL,'2016-04-04','2016-04-04'),(64,4,'2016-04-05 13:06:58',NULL,'2016-04-05','2016-04-05'),(65,4,'2016-04-08 14:36:59',NULL,'2016-04-08','2016-04-08'),(66,4,'2016-04-10 21:34:50',NULL,'2016-04-10','2016-04-10'),(67,4,'2016-04-11 15:33:38',NULL,'2016-04-11','2016-04-11'),(68,4,'2016-04-11 20:48:03',NULL,'2016-04-11','2016-04-11'),(69,5,'2016-04-12 13:03:20','2016-04-12 13:14:14','2016-04-12','2016-04-12'),(70,3,'2016-04-12 13:14:39','2016-04-12 13:17:18','2016-04-12','2016-04-12'),(71,1,'2016-04-12 13:17:37',NULL,'2016-04-12','2016-04-12'),(72,4,'2016-04-13 18:03:22',NULL,'2016-04-13','2016-04-13'),(73,4,'2016-04-21 19:34:22',NULL,'2016-04-21','2016-04-21'),(74,4,'2016-04-22 12:56:12',NULL,'2016-04-22','2016-04-22'),(75,4,'2016-04-22 19:58:17',NULL,'2016-04-22','2016-04-22'),(76,4,'2016-04-25 01:00:54','2016-04-25 01:35:20','2016-04-25','2016-04-25'),(77,1,'2016-04-25 01:35:33',NULL,'2016-04-25','2016-04-25'),(78,1,'2016-04-25 01:35:52',NULL,'2016-04-25','2016-04-25'),(79,4,'2016-04-25 12:50:29',NULL,'2016-04-25','2016-04-25'),(80,4,'2016-04-25 16:12:56',NULL,'2016-04-25','2016-04-25'),(81,4,'2016-04-25 20:51:57',NULL,'2016-04-25','2016-04-25'),(82,4,'2016-04-26 18:56:47',NULL,'2016-04-26','2016-04-26'),(83,4,'2016-04-27 12:52:06',NULL,'2016-04-27','2016-04-27'),(84,4,'2016-05-02 19:40:50',NULL,'2016-05-02','2016-05-02'),(85,4,'2016-05-03 14:12:50',NULL,'2016-05-03','2016-05-03'),(86,4,'2016-05-04 18:30:13',NULL,'2016-05-04','2016-05-04'),(87,1,'2016-07-06 15:27:09',NULL,'2016-07-06','2016-07-06'),(88,1,'2016-07-12 13:40:17',NULL,'2016-07-12','2016-07-12'),(89,1,'2016-09-07 23:20:44',NULL,'2016-09-07','2016-09-07'),(90,1,'2016-09-08 15:43:03',NULL,'2016-09-08','2016-09-08'),(91,1,'2016-09-18 01:32:54',NULL,'2016-09-18','2016-09-18'),(92,1,'2016-09-18 18:47:47',NULL,'2016-09-18','2016-09-18'),(93,1,'2016-09-18 19:32:29',NULL,'2016-09-18','2016-09-18'),(94,1,'2016-09-24 23:16:07',NULL,'2016-09-24','2016-09-24'),(95,1,'2016-10-08 16:43:38',NULL,'2016-10-08','2016-10-08'),(96,1,'2016-10-11 21:35:33',NULL,'2016-10-11','2016-10-11'),(97,1,'2016-10-13 22:02:20',NULL,'2016-10-13','2016-10-13'),(98,1,'2016-10-14 20:03:03',NULL,'2016-10-14','2016-10-14'),(99,1,'2016-10-19 20:14:33',NULL,'2016-10-19','2016-10-19'),(100,1,'2016-10-21 14:50:37',NULL,'2016-10-21','2016-10-21'),(101,1,'2016-10-21 18:53:26',NULL,'2016-10-21','2016-10-21'),(102,1,'2016-10-22 20:00:53',NULL,'2016-10-22','2016-10-22'),(103,1,'2016-10-23 00:12:19',NULL,'2016-10-23','2016-10-23'),(104,1,'2016-10-28 13:36:09',NULL,'2016-10-28','2016-10-28'),(105,1,'2016-11-23 22:13:52',NULL,'2016-11-23','2016-11-23');
/*!40000 ALTER TABLE `logs` ENABLE KEYS */;
UNLOCK TABLES;

--
-- Table structure for table `news`
--

DROP TABLE IF EXISTS `news`;
/*!40101 SET @saved_cs_client     = @@character_set_client */;
/*!40101 SET character_set_client = utf8 */;
CREATE TABLE `news` (
  `id` int(11) NOT NULL AUTO_INCREMENT,
  `title` varchar(45) DEFAULT NULL,
  `content` varchar(500) DEFAULT NULL,
  `created_at` date DEFAULT NULL,
  `updated_at` date DEFAULT NULL,
  PRIMARY KEY (`id`)
) ENGINE=InnoDB DEFAULT CHARSET=utf8;
/*!40101 SET character_set_client = @saved_cs_client */;

--
-- Dumping data for table `news`
--

LOCK TABLES `news` WRITE;
/*!40000 ALTER TABLE `news` DISABLE KEYS */;
/*!40000 ALTER TABLE `news` ENABLE KEYS */;
UNLOCK TABLES;

--
-- Table structure for table `notifications`
--

DROP TABLE IF EXISTS `notifications`;
/*!40101 SET @saved_cs_client     = @@character_set_client */;
/*!40101 SET character_set_client = utf8 */;
CREATE TABLE `notifications` (
  `id` int(11) NOT NULL AUTO_INCREMENT,
  `from_id` int(11) DEFAULT NULL,
  `to_id` int(11) DEFAULT NULL,
  `type` varchar(45) DEFAULT NULL,
  `icon` varchar(30) DEFAULT NULL,
  `body` varchar(255) DEFAULT NULL,
  `is_read` int(11) DEFAULT '0',
  `href` varchar(100) DEFAULT NULL,
  `created_at` date DEFAULT NULL,
  `updated_at` date DEFAULT NULL,
  PRIMARY KEY (`id`)
) ENGINE=InnoDB AUTO_INCREMENT=57 DEFAULT CHARSET=utf8;
/*!40101 SET character_set_client = @saved_cs_client */;

--
-- Dumping data for table `notifications`
--

LOCK TABLES `notifications` WRITE;
/*!40000 ALTER TABLE `notifications` DISABLE KEYS */;
INSERT INTO `notifications` VALUES (1,1,1,'new_user','fa-user-plus','{{ user }} ha creado un usuario',0,'administrador/ver-usuarios','2016-02-22','2016-02-22'),(2,1,1,'new_user','fa-user-plus','{{ user }} ha creado un usuario',0,'administrador/ver-usuarios','2016-02-22','2016-02-22'),(3,1,1,'new_user','fa-user-plus','{{ user }} ha creado un usuario',0,'administrador/ver-usuarios','2016-02-22','2016-02-22'),(4,1,3,'new_user','fa-user-plus','{{ user }} ha creado un usuario',1,'administrador/ver-usuarios','2016-02-22','2016-02-26'),(5,1,4,'new_user','fa-user-plus','{{ user }} ha creado un usuario',1,'administrador/ver-usuarios','2016-02-22','2016-03-01'),(6,1,3,'new_ticket','fa-life-ring','{{ user }} ha abierto un ticket',1,'administrador/',NULL,'2016-02-26'),(7,3,1,'deleted_user','fa-user-times','{{ user }} ha eliminado al usuariousuario',0,'administrador/ver-usuarios','2016-02-25','2016-02-25'),(8,3,3,'deleted_user','fa-user-times','{{ user }} ha eliminado al usuariousuario',1,'administrador/ver-usuarios','2016-02-25','2016-02-26'),(9,3,4,'deleted_user','fa-user-times','{{ user }} ha eliminado al usuariousuario',1,'administrador/ver-usuarios','2016-02-25','2016-03-01'),(10,3,1,'deleted_user','fa-user-times','{{ user }} ha eliminado al usuariousuario',0,'administrador/ver-usuarios','2016-02-25','2016-02-25'),(11,3,3,'deleted_user','fa-user-times','{{ user }} ha eliminado al usuariousuario',1,'administrador/ver-usuarios','2016-02-25','2016-02-26'),(12,3,4,'deleted_user','fa-user-times','{{ user }} ha eliminado al usuariousuario',1,'administrador/ver-usuarios','2016-02-25','2016-03-01'),(13,4,1,'new_user','fa-user-plus','{{ user }} ha creado un usuario',0,'administrador/ver-usuarios','2016-02-25','2016-02-25'),(14,4,3,'new_user','fa-user-plus','{{ user }} ha creado un usuario',1,'administrador/ver-usuarios','2016-02-25','2016-02-26'),(15,4,4,'new_user','fa-user-plus','{{ user }} ha creado un usuario',1,'administrador/ver-usuarios','2016-02-25','2016-03-01'),(16,3,3,'added_to_dep','fa-plus','{{ user }} te ha agregado al departamento Diseño grafico',1,'administrador/','2016-02-25','2016-02-26'),(17,3,4,'added_to_dep','fa-plus','{{ user }} te ha agregado al departamento Diseño grafico',1,'administrador/','2016-02-25','2016-03-01'),(18,3,1,'added_to_dep','fa-plus','{{ user }} te ha agregado al departamento borrameeee',0,'administrador/','2016-02-26','2016-02-26'),(19,3,1,'added_to_dep','fa-plus','{{ user }} te ha agregado al departamento borrameeee',0,'administrador/','2016-02-26','2016-02-26'),(20,3,3,'added_to_dep','fa-plus','{{ user }} te ha agregado al departamento borrameeee',1,'administrador/','2016-02-26','2016-02-26'),(21,3,3,'added_to_dep','fa-plus','{{ user }} te ha agregado al departamento borrameeee',1,'administrador/','2016-02-26','2016-02-26'),(22,3,4,'added_to_dep','fa-plus','{{ user }} te ha agregado al departamento borrameeee',1,'administrador/','2016-02-26','2016-03-01'),(23,3,4,'added_to_dep','fa-plus','{{ user }} te ha agregado al departamento borrameeee',1,'administrador/','2016-02-26','2016-03-01'),(24,3,3,'added_to_dep','fa-plus','{{ user }} te ha agregado al departamento Diseño grafico',1,'administrador/','2016-02-26','2016-02-26'),(25,3,3,'added_to_dep','fa-plus','{{ user }} te ha agregado al departamento pepepe',1,'administrador/','2016-02-26','2016-02-26'),(26,3,4,'added_to_dep','fa-plus','{{ user }} te ha agregado al departamento pepepe',1,'administrador/','2016-02-26','2016-03-01'),(27,3,4,'removed_from_dep','fa-times','{{ user }} te ha removido del departamento Diseño grafico',1,'administrador/','2016-02-26','2016-03-01'),(28,3,1,'removed_from_dep','fa-times','{{ user }} te ha removido del departamento Sitios web',0,'administrador/','2016-02-26','2016-02-26'),(29,3,3,'removed_from_dep','fa-times','{{ user }} te ha removido del departamento Sitios web',1,'administrador/','2016-02-26','2016-02-26'),(30,3,3,'removed_from_dep','fa-times','{{ user }} te ha removido del departamento Diseño grafico',1,'administrador/','2016-02-26','2016-02-26'),(31,3,3,'removed_from_dep','fa-times','{{ user }} te ha removido del departamento pepepe',1,'administrador/','2016-02-26','2016-02-26'),(32,3,4,'removed_from_dep','fa-times','{{ user }} te ha removido del departamento pepepe',1,'administrador/','2016-02-26','2016-03-01'),(33,3,3,'deleted_dep','fa-times','{{ user }} ha eliminado el departamento pepepe',1,'administrador/','2016-02-26','2016-02-26'),(34,3,4,'deleted_dep','fa-times','{{ user }} ha eliminado el departamento pepepe',1,'administrador/','2016-02-26','2016-03-01'),(36,5,3,'new_ticket','fa-ticket','{{ user }} te ha asignado un ticket',1,'administrador/tickets/mis-ticket/1','2016-02-26','2016-02-26'),(37,3,4,'added_to_dep','fa-plus','{{ user }} te ha agregado al departamento Fer es gay',1,'administrador/departamento/6','2016-02-26','2016-03-01'),(38,3,1,'added_to_dep','fa-plus','{{ user }} te ha agregado al departamento Fer es gay',0,'administrador/departamento/6','2016-02-26','2016-02-26'),(39,3,3,'added_to_dep','fa-plus','{{ user }} te ha agregado al departamento Fer es gay',1,'administrador/departamento/6','2016-02-26','2016-02-26'),(40,3,4,'deleted_dep','fa-times','{{ user }} ha eliminado el departamento Fer es gay',1,'administrador/departamentos/ver','2016-02-26','2016-03-01'),(41,3,1,'deleted_dep','fa-times','{{ user }} ha eliminado el departamento Fer es gay',0,'administrador/departamentos/ver','2016-02-26','2016-02-26'),(42,3,3,'deleted_dep','fa-times','{{ user }} ha eliminado el departamento Fer es gay',1,'administrador/departamentos/ver','2016-02-26','2016-02-26'),(43,5,1,'new_ticket','fa-ticket','{{ user }} te ha asignado un ticket',0,'administrador/tickets/mis-ticket/2','2016-02-26','2016-02-26'),(44,4,5,'ticket_responded','fa-ticket','{{ user }} han respondido tu ticket problema y',1,'administrador/tickets/mis-ticket','2016-02-29','2016-02-29'),(45,5,1,'new_ticket','fa-ticket','{{ user }} te ha asignado un ticket',0,'administrador/tickets/mis-ticket/5','2016-02-29','2016-02-29'),(46,4,0,'new_ticket','fa-ticket','{{ user }} te ha asignado un ticket',0,'administrador/tickets/mis-ticket/6','2016-02-29','2016-02-29'),(47,4,0,'new_ticket','fa-ticket','{{ user }} te ha asignado un ticket',0,'administrador/tickets/mis-ticket/7','2016-02-29','2016-02-29'),(48,4,0,'new_ticket','fa-ticket','{{ user }} te ha asignado un ticket',0,'administrador/tickets/mis-ticket/8','2016-03-01','2016-03-01'),(49,4,4,'ticket_responded','fa-ticket','{{ user }} han respondido tu ticket Mi ticket',1,'administrador/tickets/mis-ticket','2016-03-01','2016-03-01'),(50,4,4,'ticket_responded','fa-ticket','{{ user }} han respondido tu ticket Mi ticket',1,'administrador/tickets/mis-ticket','2016-03-01','2016-03-01'),(51,4,4,'ticket_responded','fa-ticket','{{ user }} han respondido tu ticket Mi ticket',1,'administrador/tickets/mis-ticket','2016-03-01','2016-03-01'),(52,4,4,'ticket_responded','fa-ticket','{{ user }} han respondido tu ticket Mi ticket',1,'administrador/tickets/mis-ticket','2016-03-01','2016-03-01'),(53,5,3,'new_ticket','fa-ticket','{{ user }} te ha asignado un ticket',0,'administrador/tickets/mis-ticket/9','2016-04-12','2016-04-12'),(54,3,NULL,'status_changed','fa-ticket','{{ user }} ha cambiado el status del ticket Mi ticket',0,'administrador/tickets/mis-ticket/','2016-04-12','2016-04-12'),(55,3,NULL,'status_changed','fa-ticket','{{ user }} ha cambiado el status del ticket Mi ticket',0,'administrador/tickets/mis-ticket/','2016-04-12','2016-04-12'),(56,3,5,'ticket_responded','fa-ticket','{{ user }} han respondido tu ticket Mi ticket',0,'administrador/tickets/mis-ticket','2016-04-12','2016-04-12');
/*!40000 ALTER TABLE `notifications` ENABLE KEYS */;
UNLOCK TABLES;

--
-- Table structure for table `roles`
--

DROP TABLE IF EXISTS `roles`;
/*!40101 SET @saved_cs_client     = @@character_set_client */;
/*!40101 SET character_set_client = utf8 */;
CREATE TABLE `roles` (
  `id` int(11) NOT NULL AUTO_INCREMENT,
  `role_desc` varchar(45) DEFAULT NULL,
  `created_at` date DEFAULT NULL,
  `updated_at` date DEFAULT NULL,
  PRIMARY KEY (`id`)
) ENGINE=InnoDB AUTO_INCREMENT=4 DEFAULT CHARSET=utf8;
/*!40101 SET character_set_client = @saved_cs_client */;

--
-- Dumping data for table `roles`
--

LOCK TABLES `roles` WRITE;
/*!40000 ALTER TABLE `roles` DISABLE KEYS */;
INSERT INTO `roles` VALUES (1,'Administrador',NULL,NULL),(2,'Soporte',NULL,NULL),(3,'Usuario',NULL,NULL);
/*!40000 ALTER TABLE `roles` ENABLE KEYS */;
UNLOCK TABLES;

--
-- Table structure for table `status`
--

DROP TABLE IF EXISTS `status`;
/*!40101 SET @saved_cs_client     = @@character_set_client */;
/*!40101 SET character_set_client = utf8 */;
CREATE TABLE `status` (
  `id` int(11) NOT NULL AUTO_INCREMENT,
  `desc` varchar(45) DEFAULT NULL,
  `created_at` date DEFAULT NULL,
  `updated_at` date DEFAULT NULL,
  PRIMARY KEY (`id`)
) ENGINE=InnoDB AUTO_INCREMENT=4 DEFAULT CHARSET=utf8;
/*!40101 SET character_set_client = @saved_cs_client */;

--
-- Dumping data for table `status`
--

LOCK TABLES `status` WRITE;
/*!40000 ALTER TABLE `status` DISABLE KEYS */;
INSERT INTO `status` VALUES (1,'Abierto',NULL,NULL),(2,'Procesando',NULL,NULL),(3,'Cerrado',NULL,NULL);
/*!40000 ALTER TABLE `status` ENABLE KEYS */;
UNLOCK TABLES;

--
-- Table structure for table `store_clients`
--

DROP TABLE IF EXISTS `store_clients`;
/*!40101 SET @saved_cs_client     = @@character_set_client */;
/*!40101 SET character_set_client = utf8 */;
CREATE TABLE `store_clients` (
  `id` int(11) NOT NULL AUTO_INCREMENT,
  `store_name` varchar(100) DEFAULT NULL,
  `subdomain` varchar(50) DEFAULT NULL,
  `template` varchar(8) DEFAULT NULL,
  `color_palet` text,
  `store_type` int(11) DEFAULT NULL,
  `currency` varchar(10) DEFAULT NULL,
  `store_plan` int(11) DEFAULT NULL,
  `store_logo` varchar(100) DEFAULT NULL,
  `store_banner` varchar(100) DEFAULT NULL,
  `updated_by` int(11) DEFAULT NULL,
  `created_at` date DEFAULT NULL,
  `updated_at` date DEFAULT NULL,
  PRIMARY KEY (`id`)
) ENGINE=InnoDB AUTO_INCREMENT=2 DEFAULT CHARSET=utf8;
/*!40101 SET character_set_client = @saved_cs_client */;

--
-- Dumping data for table `store_clients`
--

LOCK TABLES `store_clients` WRITE;
/*!40000 ALTER TABLE `store_clients` DISABLE KEYS */;
INSERT INTO `store_clients` VALUES (1,'Tiendita cuchi','stores','eshop','{\"first\":{\"background_color\":\"#d50c52\",\"color\":\"#d4d4d4\"},\"second\":{\"background_color\":\"#75007b\",\"color\":\"#ebebeb\"},\"third\":{\"background_color\":\"#b9c9e6\",\"color\":\"#333333\"}}',2,'usd',2,'1477758934.png','1480021240.jpg',1,NULL,'2016-11-24');
/*!40000 ALTER TABLE `store_clients` ENABLE KEYS */;
UNLOCK TABLES;

--
-- Table structure for table `store_plans`
--

DROP TABLE IF EXISTS `store_plans`;
/*!40101 SET @saved_cs_client     = @@character_set_client */;
/*!40101 SET character_set_client = utf8 */;
CREATE TABLE `store_plans` (
  `id` int(11) NOT NULL AUTO_INCREMENT,
  `description` varchar(100) DEFAULT NULL,
  `price` varchar(20) DEFAULT NULL,
  `created_at` date DEFAULT NULL,
  `updated_at` date DEFAULT NULL,
  PRIMARY KEY (`id`)
) ENGINE=InnoDB AUTO_INCREMENT=4 DEFAULT CHARSET=utf8;
/*!40101 SET character_set_client = @saved_cs_client */;

--
-- Dumping data for table `store_plans`
--

LOCK TABLES `store_plans` WRITE;
/*!40000 ALTER TABLE `store_plans` DISABLE KEYS */;
INSERT INTO `store_plans` VALUES (1,'Plan 1°','1000',NULL,NULL),(2,'Plan 2°','5000',NULL,NULL),(3,'Plan 3°','10000',NULL,NULL);
/*!40000 ALTER TABLE `store_plans` ENABLE KEYS */;
UNLOCK TABLES;

--
-- Table structure for table `store_type`
--

DROP TABLE IF EXISTS `store_type`;
/*!40101 SET @saved_cs_client     = @@character_set_client */;
/*!40101 SET character_set_client = utf8 */;
CREATE TABLE `store_type` (
  `id` int(11) NOT NULL AUTO_INCREMENT,
  `description` varchar(45) DEFAULT NULL,
  `created_at` date DEFAULT NULL,
  `updated_at` date DEFAULT NULL,
  PRIMARY KEY (`id`)
) ENGINE=InnoDB AUTO_INCREMENT=3 DEFAULT CHARSET=latin1;
/*!40101 SET character_set_client = @saved_cs_client */;

--
-- Dumping data for table `store_type`
--

LOCK TABLES `store_type` WRITE;
/*!40000 ALTER TABLE `store_type` DISABLE KEYS */;
INSERT INTO `store_type` VALUES (1,'tienda de ropa',NULL,NULL),(2,'tienda de relojes y accesorios',NULL,NULL);
/*!40000 ALTER TABLE `store_type` ENABLE KEYS */;
UNLOCK TABLES;

--
-- Table structure for table `tickets`
--

DROP TABLE IF EXISTS `tickets`;
/*!40101 SET @saved_cs_client     = @@character_set_client */;
/*!40101 SET character_set_client = utf8 */;
CREATE TABLE `tickets` (
  `id` int(11) NOT NULL AUTO_INCREMENT,
  `user_id` int(11) DEFAULT NULL,
  `department_id` int(11) DEFAULT NULL,
  `assignment_id` int(11) DEFAULT NULL,
  `subject` varchar(100) DEFAULT NULL,
  `desc` varchar(1000) DEFAULT NULL,
  `deleted` int(11) DEFAULT '0',
  `status` int(11) DEFAULT '1',
  `procesed_by` int(11) DEFAULT NULL,
  `procesed_comment` varchar(500) DEFAULT NULL,
  `created_at` date DEFAULT NULL,
  `updated_at` date DEFAULT NULL,
  PRIMARY KEY (`id`)
) ENGINE=InnoDB AUTO_INCREMENT=10 DEFAULT CHARSET=utf8;
/*!40101 SET character_set_client = @saved_cs_client */;

--
-- Dumping data for table `tickets`
--

LOCK TABLES `tickets` WRITE;
/*!40000 ALTER TABLE `tickets` DISABLE KEYS */;
INSERT INTO `tickets` VALUES (1,5,2,3,'problema x','<p>\r\n\r\n<h3><b><i>Esto es mi ticket esta porqueria se daño</i></b><br></h3><div><ul><li><b><i>mira </i></b></li><li><b><i>mira </i></b></li><li><b><i>mira</i></b><br></li></ul><div><i><a target=\"_blank\" rel=\"nofollow\" href=\"http://google.com\">http://google.com/</a> </i></div></div>\r\n\r\n﻿<br></p>',0,2,NULL,NULL,'2016-02-26','2016-02-28'),(2,5,1,NULL,'problema y','<p><ul><ul><li><b><i><u><small><a href=\"http://google.com\">esto es una descripcion</a></small></u></i></b></li></ul></ul></p>',0,3,4,'<p>revisa eso a ver</p>','2016-02-26','2016-02-29'),(5,5,1,NULL,'problema z','<p>prueba de archivo</p>',0,1,NULL,NULL,'2016-02-29','2016-02-29'),(6,4,2,NULL,'pepe','<p>fadfdafadfdaf</p>',0,1,NULL,NULL,'2016-02-29','2016-02-29'),(7,4,2,NULL,'pepe2','<p>dafjadjgaj</p>',0,1,NULL,NULL,'2016-02-29','2016-02-29'),(8,4,2,NULL,'Mi ticket','<p>adfadfdaf</p><blockquote><p><ol><li>jkjhkhkjhklklkjl<br></li><li>h</li></ol><p>h<br></p><p>h</p><p><br></p><p><u>jlkjlkjljl﻿</u><u></u></p></p></blockquote>',0,3,4,'<p>ahi ta el peo</p>','2016-03-01','2016-03-01'),(9,5,1,3,'Mi ticket','<p>Tengo este problema...</p><p>y hay q resolverlo</p>',0,3,3,'<p>esto se esta cerrando.</p>','2016-04-12','2016-04-12');
/*!40000 ALTER TABLE `tickets` ENABLE KEYS */;
UNLOCK TABLES;

--
-- Table structure for table `users`
--

DROP TABLE IF EXISTS `users`;
/*!40101 SET @saved_cs_client     = @@character_set_client */;
/*!40101 SET character_set_client = utf8 */;
CREATE TABLE `users` (
  `id` int(11) NOT NULL AUTO_INCREMENT,
  `username` varchar(100) DEFAULT NULL,
  `password` varchar(100) DEFAULT NULL,
  `name` varchar(45) DEFAULT NULL,
  `email` varchar(100) DEFAULT NULL,
  `avatar` varchar(100) DEFAULT 'avatar_male.jpg',
  `active` int(11) DEFAULT '1',
  `role_id` int(11) DEFAULT NULL,
  `remember_token` varchar(100) DEFAULT NULL,
  `last_login` datetime DEFAULT NULL,
  `deleted` int(11) DEFAULT '0',
  `created_at` date DEFAULT NULL,
  `updated_at` date DEFAULT NULL,
  PRIMARY KEY (`id`)
) ENGINE=InnoDB AUTO_INCREMENT=6 DEFAULT CHARSET=utf8;
/*!40101 SET character_set_client = @saved_cs_client */;

--
-- Dumping data for table `users`
--

LOCK TABLES `users` WRITE;
/*!40000 ALTER TABLE `users` DISABLE KEYS */;
INSERT INTO `users` VALUES (1,'admin','$2y$10$fJ1u4sEU6diFkxqlszF0h.5q8dYfY.bskhFUiWjVqXji3t7vB6c9u','usuario','usuario@email.com','1473352201.jpg',1,1,'5ZmSyLGzoJLYzSMfhiQgnFfOtOzt8z1N2nyDoWpHZFAH6EICW9qc7LlArSAW',NULL,0,NULL,'2016-09-08'),(3,'carlucho','$2y$10$GaGLgg0Om0G9/Ix6pWQONOL3/k7yuoIvFB8LirK//TBJky16wqn7G',NULL,'carlos.salazar@tecnographic.com.ve','avatar_male.jpg',1,1,'awQz0ydsAcv7ZrmzKPpWlDkpIFA9vvXozwuFHIk9pW3Q8x4iBUPN096SEJu0',NULL,0,'2016-02-22','2016-04-12'),(4,'usuario','$2y$10$fJ1u4sEU6diFkxqlszF0h.5q8dYfY.bskhFUiWjVqXji3t7vB6c9u',NULL,'usuario@usuario.com','avatar_male.jpg',1,2,'AnwSruZdPZFajOREpVhntGzH0yLZu2xovuzzfpJPke36X7uoRvoF12ax9vGW',NULL,0,'2016-02-22','2016-04-25'),(5,'pasillo24','$2y$10$hD6eVHUWRj5RE/8a9wSYAOPymZP/oY/YJX1fQImREa/Zi2u5v7bZ2',NULL,'gestor@pasillo24.com','avatar_male.jpg',1,3,'y4SBEUgpKaeErThCbGg3JJYFDJItcq6hSTdRYrbkNmeVDs7RPUTxCofEyzsh',NULL,0,'2016-02-25','2016-04-12');
/*!40000 ALTER TABLE `users` ENABLE KEYS */;
UNLOCK TABLES;

--
-- Dumping events for database 'tecnographic'
--

--
-- Dumping routines for database 'tecnographic'
--
/*!40103 SET TIME_ZONE=@OLD_TIME_ZONE */;

/*!40101 SET SQL_MODE=@OLD_SQL_MODE */;
/*!40014 SET FOREIGN_KEY_CHECKS=@OLD_FOREIGN_KEY_CHECKS */;
/*!40014 SET UNIQUE_CHECKS=@OLD_UNIQUE_CHECKS */;
/*!40101 SET CHARACTER_SET_CLIENT=@OLD_CHARACTER_SET_CLIENT */;
/*!40101 SET CHARACTER_SET_RESULTS=@OLD_CHARACTER_SET_RESULTS */;
/*!40101 SET COLLATION_CONNECTION=@OLD_COLLATION_CONNECTION */;
/*!40111 SET SQL_NOTES=@OLD_SQL_NOTES */;

-- Dump completed on 2017-01-29 19:44:30
CREATE DATABASE  IF NOT EXISTS `stores` /*!40100 DEFAULT CHARACTER SET latin1 */;
USE `stores`;
-- MySQL dump 10.13  Distrib 5.6.23, for Win64 (x86_64)
--
-- Host: 127.0.0.1    Database: stores
-- ------------------------------------------------------
-- Server version	5.5.32

/*!40101 SET @OLD_CHARACTER_SET_CLIENT=@@CHARACTER_SET_CLIENT */;
/*!40101 SET @OLD_CHARACTER_SET_RESULTS=@@CHARACTER_SET_RESULTS */;
/*!40101 SET @OLD_COLLATION_CONNECTION=@@COLLATION_CONNECTION */;
/*!40101 SET NAMES utf8 */;
/*!40103 SET @OLD_TIME_ZONE=@@TIME_ZONE */;
/*!40103 SET TIME_ZONE='+00:00' */;
/*!40014 SET @OLD_UNIQUE_CHECKS=@@UNIQUE_CHECKS, UNIQUE_CHECKS=0 */;
/*!40014 SET @OLD_FOREIGN_KEY_CHECKS=@@FOREIGN_KEY_CHECKS, FOREIGN_KEY_CHECKS=0 */;
/*!40101 SET @OLD_SQL_MODE=@@SQL_MODE, SQL_MODE='NO_AUTO_VALUE_ON_ZERO' */;
/*!40111 SET @OLD_SQL_NOTES=@@SQL_NOTES, SQL_NOTES=0 */;

--
-- Table structure for table `brands`
--

DROP TABLE IF EXISTS `brands`;
/*!40101 SET @saved_cs_client     = @@character_set_client */;
/*!40101 SET character_set_client = utf8 */;
CREATE TABLE `brands` (
  `id` int(11) NOT NULL AUTO_INCREMENT,
  `description_es` varchar(45) DEFAULT NULL,
  `description_eng` varchar(45) DEFAULT NULL,
  `logo` varchar(100) DEFAULT NULL,
  `created_at` date DEFAULT NULL,
  `updated_at` date DEFAULT NULL,
  PRIMARY KEY (`id`)
) ENGINE=InnoDB AUTO_INCREMENT=5 DEFAULT CHARSET=latin1;
/*!40101 SET character_set_client = @saved_cs_client */;

--
-- Dumping data for table `brands`
--

LOCK TABLES `brands` WRITE;
/*!40000 ALTER TABLE `brands` DISABLE KEYS */;
INSERT INTO `brands` VALUES (2,'nueva marca','new brand','1479919239.png','2016-11-23','2016-11-23'),(3,'otra marca','another brand','1479919270.png','2016-11-23','2016-11-23'),(4,'ultima marca','last brand','1479919291.png','2016-11-23','2016-11-23');
/*!40000 ALTER TABLE `brands` ENABLE KEYS */;
UNLOCK TABLES;

--
-- Table structure for table `categorias`
--

DROP TABLE IF EXISTS `categorias`;
/*!40101 SET @saved_cs_client     = @@character_set_client */;
/*!40101 SET character_set_client = utf8 */;
CREATE TABLE `categorias` (
  `id` int(11) NOT NULL AUTO_INCREMENT,
  `description_es` varchar(50) DEFAULT NULL,
  `description_eng` varchar(50) DEFAULT NULL,
  `menu_active` int(11) DEFAULT '0',
  `created_at` date DEFAULT NULL,
  `updated_at` date DEFAULT NULL,
  PRIMARY KEY (`id`)
) ENGINE=InnoDB AUTO_INCREMENT=15 DEFAULT CHARSET=utf8;
/*!40101 SET character_set_client = @saved_cs_client */;

--
-- Dumping data for table `categorias`
--

LOCK TABLES `categorias` WRITE;
/*!40000 ALTER TABLE `categorias` DISABLE KEYS */;
INSERT INTO `categorias` VALUES (8,'hombres','men',1,'2016-09-20','2016-09-28'),(9,'Animi ','Aliquid',1,'1976-01-26','2016-09-28'),(10,'Voluptas','Necessitatibus',1,'1977-09-22','2016-09-28'),(11,'Quam','Minusl',0,'1992-08-05','2016-09-28'),(12,'Suscipit','Minima.',0,'2007-09-09','2016-09-28'),(13,'Et non','Culpa.',0,'1990-05-29','1986-12-30'),(14,'Molestiae','Autem',0,'1995-04-18','1972-10-09');
/*!40000 ALTER TABLE `categorias` ENABLE KEYS */;
UNLOCK TABLES;

--
-- Table structure for table `colores`
--

DROP TABLE IF EXISTS `colores`;
/*!40101 SET @saved_cs_client     = @@character_set_client */;
/*!40101 SET character_set_client = utf8 */;
CREATE TABLE `colores` (
  `id` int(11) NOT NULL AUTO_INCREMENT,
  `item_id` int(11) DEFAULT NULL,
  `description_es` varchar(45) DEFAULT NULL,
  `description_eng` varchar(45) DEFAULT NULL,
  `created_at` date DEFAULT NULL,
  `updated_at` date DEFAULT NULL,
  PRIMARY KEY (`id`)
) ENGINE=InnoDB AUTO_INCREMENT=153 DEFAULT CHARSET=latin1;
/*!40101 SET character_set_client = @saved_cs_client */;

--
-- Dumping data for table `colores`
--

LOCK TABLES `colores` WRITE;
/*!40000 ALTER TABLE `colores` DISABLE KEYS */;
INSERT INTO `colores` VALUES (1,1,'blue','black','2009-11-30','2011-03-16'),(2,1,'lime','yellow','2008-11-09','2015-06-15'),(3,1,'gray','silver','2003-11-17','1990-11-18'),(4,2,'gray','teal','1989-12-18','2014-06-01'),(5,2,'aqua','fuchsia','2012-01-01','1971-12-03'),(6,2,'lime','silver','1976-12-12','1998-11-01'),(7,3,'aqua','white','2010-04-02','1990-06-28'),(8,3,'olive','gray','1983-02-12','1972-02-27'),(9,3,'aqua','navy','2003-01-26','1974-05-16'),(10,4,'white','purple','1997-01-09','1989-04-25'),(11,4,'olive','gray','2011-09-05','1971-03-06'),(12,4,'white','white','2002-01-10','1975-10-08'),(13,5,'navy','white','1992-05-10','1990-11-09'),(14,5,'lime','yellow','1995-12-21','1996-03-10'),(15,5,'blue','white','1992-07-03','1974-06-07'),(16,6,'gray','black','2006-02-10','2000-07-23'),(17,6,'silver','green','2000-01-14','1972-08-12'),(18,6,'teal','blue','1989-05-31','1973-04-17'),(19,7,'blue','green','1972-10-27','1980-03-04'),(20,7,'blue','maroon','1986-12-24','1996-09-27'),(21,7,'olive','maroon','1983-05-25','1970-03-07'),(22,8,'yellow','navy','2006-03-03','1975-06-26'),(23,8,'blue','blue','2003-01-02','2014-12-28'),(24,8,'purple','maroon','1974-12-23','2010-05-14'),(25,9,'navy','blue','2003-03-27','1978-08-11'),(26,9,'olive','white','2011-03-17','1993-09-15'),(27,9,'white','teal','1998-11-20','2004-04-29'),(28,10,'aqua','navy','1977-09-05','2014-07-17'),(29,10,'white','maroon','1989-07-30','1999-05-12'),(30,10,'purple','silver','1998-04-10','1987-10-20'),(31,11,'white','navy','2011-07-01','1978-12-05'),(32,11,'yellow','yellow','1973-08-11','2005-06-11'),(33,11,'maroon','black','1988-09-26','2010-05-14'),(34,12,'fuchsia','lime','2008-08-25','2012-10-26'),(35,12,'maroon','purple','1971-03-15','2016-01-07'),(36,12,'blue','teal','2002-12-12','2008-03-17'),(37,13,'aqua','maroon','1976-12-20','1981-10-27'),(38,13,'olive','fuchsia','1979-02-17','2005-05-29'),(39,13,'yellow','white','1997-11-07','2000-03-10'),(40,14,'blue','yellow','1975-06-26','1984-08-07'),(41,14,'aqua','fuchsia','2015-08-03','1971-11-23'),(42,14,'lime','white','1972-03-13','1979-09-21'),(43,15,'olive','silver','1971-03-15','1972-08-07'),(44,15,'silver','black','1982-08-13','1991-06-06'),(45,15,'yellow','lime','1997-06-25','1991-03-28'),(46,16,'white','green','1999-06-04','1982-07-15'),(47,16,'fuchsia','aqua','1980-02-08','1998-05-31'),(48,16,'teal','silver','2011-01-17','2007-09-27'),(49,17,'blue','green','1993-01-20','2013-12-02'),(50,17,'purple','green','2005-03-05','1987-09-18'),(51,17,'maroon','teal','2012-01-04','2001-06-01'),(52,18,'green','green','1988-12-21','1981-01-26'),(53,18,'navy','teal','1979-01-13','2000-05-13'),(54,18,'green','olive','1975-06-21','1986-04-29'),(55,19,'gray','black','1991-05-28','1976-08-29'),(56,19,'purple','aqua','1982-05-21','2007-06-30'),(57,19,'olive','teal','2000-05-23','1974-09-13'),(58,20,'silver','navy','2005-01-17','1974-11-26'),(59,20,'lime','green','1986-09-28','1993-03-22'),(60,20,'black','navy','1982-01-09','1982-06-16'),(61,21,'blue','silver','2009-06-24','2015-07-18'),(62,21,'aqua','black','2016-06-27','2004-08-05'),(63,21,'teal','maroon','2013-09-13','2002-09-19'),(64,22,'yellow','fuchsia','1995-07-25','1977-10-07'),(65,22,'lime','blue','1976-06-03','2007-02-10'),(66,22,'olive','blue','1997-10-18','1991-04-05'),(67,23,'blue','navy','1985-03-21','1995-12-11'),(68,23,'lime','purple','2006-08-28','1994-05-23'),(69,23,'blue','maroon','2005-12-19','1997-11-13'),(70,24,'maroon','blue','2013-09-05','1992-11-26'),(71,24,'lime','navy','1988-01-28','1983-06-23'),(72,24,'black','navy','1999-12-22','2016-04-25'),(73,25,'purple','maroon','1990-06-27','2000-09-10'),(74,25,'teal','fuchsia','1984-10-21','1985-11-05'),(75,25,'olive','olive','2007-03-31','1970-06-12'),(76,26,'yellow','green','1974-12-30','2006-11-30'),(77,26,'olive','olive','1982-10-06','1970-02-10'),(78,26,'blue','silver','2008-07-27','1973-03-07'),(79,27,'white','yellow','1991-12-28','1972-04-04'),(80,27,'maroon','lime','1972-03-15','1970-05-17'),(81,27,'fuchsia','lime','2006-05-02','1973-08-14'),(82,28,'silver','silver','2002-03-27','1997-08-27'),(83,28,'yellow','maroon','2008-06-13','2008-06-10'),(84,28,'silver','silver','1987-11-01','2011-01-28'),(85,29,'fuchsia','silver','2000-11-02','1989-12-23'),(86,29,'olive','silver','1983-03-28','1997-02-01'),(87,29,'teal','yellow','2012-11-14','2009-01-04'),(88,30,'aqua','fuchsia','2003-08-08','1972-12-13'),(89,30,'navy','green','2005-09-07','1998-11-15'),(90,30,'olive','aqua','1998-01-24','2005-06-12'),(91,31,'green','white','2001-09-29','1998-03-30'),(92,31,'silver','black','1991-03-07','2010-04-23'),(93,31,'lime','blue','1983-07-19','2015-04-23'),(94,32,'olive','maroon','1987-07-11','1982-04-23'),(95,32,'lime','yellow','1975-05-11','1972-11-12'),(96,32,'lime','teal','2001-10-18','1996-10-10'),(97,33,'olive','gray','1976-05-07','1992-12-31'),(98,33,'maroon','blue','2010-12-01','1990-09-01'),(99,33,'aqua','white','1972-08-23','1995-10-22'),(100,34,'lime','green','1982-02-14','2010-03-28'),(101,34,'black','navy','2010-09-04','2015-12-25'),(102,34,'gray','gray','1979-05-06','1973-08-15'),(103,35,'silver','gray','2003-05-17','2000-02-01'),(104,35,'aqua','yellow','1970-12-14','1992-07-28'),(105,35,'black','teal','1972-12-26','2000-08-10'),(106,36,'black','teal','1982-02-07','1995-08-11'),(107,36,'black','silver','1986-09-16','1998-04-18'),(108,36,'green','black','1993-12-12','1988-07-02'),(109,37,'navy','black','2001-06-07','2004-07-15'),(110,37,'white','lime','2001-04-19','1977-03-19'),(111,37,'aqua','black','2012-07-08','2004-08-02'),(112,38,'fuchsia','white','1998-07-29','1988-01-06'),(113,38,'white','white','2003-06-26','1992-06-06'),(114,38,'maroon','black','1977-09-11','2004-03-04'),(115,39,'blue','silver','2010-03-22','2005-05-23'),(116,39,'gray','black','2002-08-18','1996-03-09'),(117,39,'navy','blue','1990-02-13','1993-06-17'),(118,40,'gray','silver','2009-06-10','1972-09-21'),(119,40,'lime','white','2006-09-27','1998-07-24'),(120,40,'maroon','black','1972-03-11','2006-12-31'),(121,41,'blue','fuchsia','2016-07-18','2003-10-03'),(122,41,'fuchsia','purple','1978-03-19','1993-05-29'),(123,41,'gray','blue','1998-04-18','1982-01-01'),(124,42,'black','white','1997-02-06','1986-11-05'),(125,42,'silver','green','2005-11-02','2008-04-23'),(126,42,'green','lime','2015-03-08','2004-02-20'),(127,43,'aqua','purple','1981-06-03','1973-09-07'),(128,43,'olive','silver','2014-11-01','2008-04-02'),(129,43,'lime','silver','2013-09-28','2014-11-14'),(130,44,'gray','white','1970-12-23','2015-12-02'),(131,44,'lime','yellow','2010-10-05','2004-06-04'),(132,44,'black','blue','1999-09-02','1996-06-10'),(133,45,'aqua','silver','1998-06-17','1971-04-07'),(134,45,'gray','teal','2006-02-16','1995-04-18'),(135,45,'gray','black','1988-08-01','2014-02-07'),(136,46,'black','silver','1973-06-01','1986-11-05'),(137,46,'green','fuchsia','1977-10-05','2007-03-06'),(138,46,'aqua','blue','2002-06-22','1979-04-14'),(139,47,'olive','maroon','2012-01-11','1970-01-09'),(140,47,'purple','fuchsia','2013-02-20','1988-03-25'),(141,47,'navy','black','2001-12-28','2004-06-25'),(142,48,'navy','purple','2012-12-28','1971-11-05'),(143,48,'fuchsia','maroon','1977-06-13','2005-02-13'),(144,48,'yellow','olive','1981-12-10','1986-02-28'),(145,49,'fuchsia','purple','1994-04-12','1982-06-17'),(146,49,'yellow','maroon','1981-07-30','1984-10-21'),(147,49,'lime','white','1993-08-13','1993-08-24'),(148,50,'gray','black','2002-07-26','1980-01-26'),(149,50,'olive','aqua','1976-07-20','1975-10-23'),(150,50,'black','black','2008-10-18','1987-11-10'),(151,51,'azul','blue','2016-09-30','2016-09-30'),(152,52,'tostadita','toasted','2016-10-08','2016-10-08');
/*!40000 ALTER TABLE `colores` ENABLE KEYS */;
UNLOCK TABLES;

--
-- Table structure for table `comments`
--

DROP TABLE IF EXISTS `comments`;
/*!40101 SET @saved_cs_client     = @@character_set_client */;
/*!40101 SET character_set_client = utf8 */;
CREATE TABLE `comments` (
  `id` int(11) NOT NULL AUTO_INCREMENT,
  `user_id` int(11) DEFAULT NULL,
  `item_id` int(11) DEFAULT NULL,
  `comment` varchar(400) DEFAULT NULL,
  `was_replied` int(11) DEFAULT '0',
  `created_at` date DEFAULT NULL,
  `updated_at` date DEFAULT NULL,
  PRIMARY KEY (`id`)
) ENGINE=InnoDB AUTO_INCREMENT=8 DEFAULT CHARSET=latin1;
/*!40101 SET character_set_client = @saved_cs_client */;

--
-- Dumping data for table `comments`
--

LOCK TABLES `comments` WRITE;
/*!40000 ALTER TABLE `comments` DISABLE KEYS */;
INSERT INTO `comments` VALUES (1,2,51,'Hola esto es un comentario',0,NULL,NULL),(2,3,51,'esto es otro comentario',0,'2016-10-29','2016-10-29'),(3,3,51,'afadfd',0,'2016-10-29','2016-10-29'),(4,3,51,'leeeee',0,'2016-10-29','2016-10-29'),(5,3,51,'leeeee',0,'2016-10-29','2016-10-29'),(6,3,51,'dfdsfsd',0,'2016-10-29','2016-10-29'),(7,3,51,'wrwerwerwer',0,'2016-10-29','2016-10-29');
/*!40000 ALTER TABLE `comments` ENABLE KEYS */;
UNLOCK TABLES;

--
-- Table structure for table `compras`
--

DROP TABLE IF EXISTS `compras`;
/*!40101 SET @saved_cs_client     = @@character_set_client */;
/*!40101 SET character_set_client = utf8 */;
CREATE TABLE `compras` (
  `id` int(11) NOT NULL AUTO_INCREMENT,
  `factura_id` int(11) DEFAULT NULL,
  `item_id` int(11) DEFAULT NULL,
  `size_id` int(11) DEFAULT NULL,
  `color_id` int(11) DEFAULT NULL,
  `fabric_id` int(11) DEFAULT NULL,
  `qty` int(11) DEFAULT NULL,
  `created_at` date DEFAULT NULL,
  `updated_at` date DEFAULT NULL,
  PRIMARY KEY (`id`)
) ENGINE=InnoDB AUTO_INCREMENT=13 DEFAULT CHARSET=latin1;
/*!40101 SET character_set_client = @saved_cs_client */;

--
-- Dumping data for table `compras`
--

LOCK TABLES `compras` WRITE;
/*!40000 ALTER TABLE `compras` DISABLE KEYS */;
INSERT INTO `compras` VALUES (1,2,51,151,151,151,2,'2016-10-03','2016-10-03'),(2,2,50,150,148,149,1,'2016-10-03','2016-10-03'),(3,3,51,151,151,151,1,'2016-10-03','2016-10-03'),(4,3,49,145,145,145,2,'2016-10-03','2016-10-03'),(5,3,44,132,130,131,1,'2016-10-03','2016-10-03'),(6,4,51,151,151,151,4,'2016-10-08','2016-10-08'),(7,5,51,151,151,151,1,'2016-10-11','2016-10-11'),(8,6,52,154,152,152,1,'2016-10-13','2016-10-13'),(9,7,52,154,152,152,1,'2016-10-15','2016-10-15'),(10,8,52,154,152,152,1,'2016-10-15','2016-10-15'),(11,9,44,130,130,130,4,'2016-10-22','2016-10-22'),(12,10,51,153,151,151,1,'2016-12-05','2016-12-05');
/*!40000 ALTER TABLE `compras` ENABLE KEYS */;
UNLOCK TABLES;

--
-- Table structure for table `facturas`
--

DROP TABLE IF EXISTS `facturas`;
/*!40101 SET @saved_cs_client     = @@character_set_client */;
/*!40101 SET character_set_client = utf8 */;
CREATE TABLE `facturas` (
  `id` int(11) NOT NULL AUTO_INCREMENT,
  `user_id` int(11) DEFAULT NULL,
  `was_paid` int(11) DEFAULT '0',
  `canceled` int(11) DEFAULT '0',
  `created_at` date DEFAULT NULL,
  `updated_at` date DEFAULT NULL,
  PRIMARY KEY (`id`)
) ENGINE=InnoDB AUTO_INCREMENT=11 DEFAULT CHARSET=latin1;
/*!40101 SET character_set_client = @saved_cs_client */;

--
-- Dumping data for table `facturas`
--

LOCK TABLES `facturas` WRITE;
/*!40000 ALTER TABLE `facturas` DISABLE KEYS */;
INSERT INTO `facturas` VALUES (2,2,2,0,'2016-10-03','2016-10-22'),(3,2,0,0,'2016-10-03','2016-10-22'),(4,2,0,0,'2016-10-08','2016-10-22'),(5,2,0,0,'2016-10-11','2016-10-11'),(6,2,0,0,'2016-10-13','2016-10-13'),(7,2,0,0,'2016-10-15','2016-10-15'),(8,2,0,0,'2016-10-15','2016-10-15'),(9,12,2,0,'2016-10-22','2016-10-22'),(10,14,1,0,'2016-12-05','2016-12-05');
/*!40000 ALTER TABLE `facturas` ENABLE KEYS */;
UNLOCK TABLES;

--
-- Table structure for table `item_images`
--

DROP TABLE IF EXISTS `item_images`;
/*!40101 SET @saved_cs_client     = @@character_set_client */;
/*!40101 SET character_set_client = utf8 */;
CREATE TABLE `item_images` (
  `id` int(11) NOT NULL AUTO_INCREMENT,
  `item_id` int(11) DEFAULT NULL,
  `image` varchar(100) DEFAULT NULL,
  `created_at` date DEFAULT NULL,
  `updated_at` date DEFAULT NULL,
  PRIMARY KEY (`id`)
) ENGINE=InnoDB AUTO_INCREMENT=155 DEFAULT CHARSET=latin1;
/*!40101 SET character_set_client = @saved_cs_client */;

--
-- Dumping data for table `item_images`
--

LOCK TABLES `item_images` WRITE;
/*!40000 ALTER TABLE `item_images` DISABLE KEYS */;
INSERT INTO `item_images` VALUES (1,1,'http://lorempixel.com/384/480/?45148','1995-04-17','2003-05-09'),(2,1,'http://lorempixel.com/384/480/?21136','1971-10-30','2015-01-23'),(3,1,'http://lorempixel.com/384/480/?30332','1991-11-19','1997-02-12'),(4,2,'http://lorempixel.com/384/480/?84342','1975-05-26','1991-09-04'),(5,2,'http://lorempixel.com/384/480/?69328','1977-06-20','2006-11-01'),(6,2,'http://lorempixel.com/384/480/?19794','1995-04-06','1973-02-04'),(7,3,'http://lorempixel.com/384/480/?32213','1988-04-30','1980-12-06'),(8,3,'http://lorempixel.com/384/480/?20644','2015-12-17','1998-01-22'),(9,3,'http://lorempixel.com/384/480/?24144','2016-01-28','1982-08-31'),(10,4,'http://lorempixel.com/384/480/?33497','2002-12-28','2006-03-25'),(11,4,'http://lorempixel.com/384/480/?16468','2004-11-21','2014-04-11'),(12,4,'http://lorempixel.com/384/480/?72394','1994-07-08','1992-03-21'),(13,5,'http://lorempixel.com/384/480/?17223','1988-12-01','2000-10-09'),(14,5,'http://lorempixel.com/384/480/?27199','2006-08-10','1979-08-08'),(15,5,'http://lorempixel.com/384/480/?51770','2001-11-12','1985-12-04'),(16,6,'http://lorempixel.com/384/480/?12096','1990-07-12','1973-04-29'),(17,6,'http://lorempixel.com/384/480/?74995','1988-11-14','1976-05-07'),(18,6,'http://lorempixel.com/384/480/?20969','1992-11-25','2011-07-24'),(19,7,'http://lorempixel.com/384/480/?26486','1996-10-24','1984-03-04'),(20,7,'http://lorempixel.com/384/480/?99248','1994-06-15','1981-01-27'),(21,7,'http://lorempixel.com/384/480/?75361','1994-05-21','1972-11-16'),(22,8,'http://lorempixel.com/384/480/?15482','1997-03-08','1991-05-24'),(23,8,'http://lorempixel.com/384/480/?57963','2016-04-28','2012-02-09'),(24,8,'http://lorempixel.com/384/480/?33593','2010-10-06','2001-08-18'),(25,9,'http://lorempixel.com/384/480/?44055','1972-04-18','1981-12-28'),(26,9,'http://lorempixel.com/384/480/?82210','1991-10-19','1992-10-06'),(27,9,'http://lorempixel.com/384/480/?61639','1977-10-20','1975-04-08'),(28,10,'http://lorempixel.com/384/480/?64536','1993-05-29','2003-04-16'),(29,10,'http://lorempixel.com/384/480/?10749','2013-12-21','2002-01-22'),(30,10,'http://lorempixel.com/384/480/?93715','1984-09-14','1989-06-10'),(31,11,'http://lorempixel.com/384/480/?90995','2016-06-29','1997-06-19'),(32,11,'http://lorempixel.com/384/480/?23414','1998-06-08','1979-04-23'),(33,11,'http://lorempixel.com/384/480/?68072','1977-08-25','2007-07-28'),(34,12,'http://lorempixel.com/384/480/?71707','1982-07-05','2012-04-15'),(35,12,'http://lorempixel.com/384/480/?66537','2004-11-17','1997-12-20'),(36,12,'http://lorempixel.com/384/480/?41386','1990-06-05','2004-05-15'),(37,13,'http://lorempixel.com/384/480/?48929','1971-06-17','1984-07-29'),(38,13,'http://lorempixel.com/384/480/?78275','1990-03-31','2003-03-23'),(39,13,'http://lorempixel.com/384/480/?54305','2009-09-28','1986-04-17'),(40,14,'http://lorempixel.com/384/480/?79482','2002-10-16','1979-03-11'),(41,14,'http://lorempixel.com/384/480/?67578','2014-09-14','1998-09-10'),(42,14,'http://lorempixel.com/384/480/?97231','1990-08-24','2007-12-03'),(43,15,'http://lorempixel.com/384/480/?91858','2003-08-21','2015-03-18'),(44,15,'http://lorempixel.com/384/480/?55939','2016-02-25','1975-02-07'),(45,15,'http://lorempixel.com/384/480/?52772','1980-08-03','2002-07-22'),(46,16,'http://lorempixel.com/384/480/?89587','1979-02-22','1994-10-27'),(47,16,'http://lorempixel.com/384/480/?72892','2002-08-02','2014-12-31'),(48,16,'http://lorempixel.com/384/480/?43867','1986-09-11','1985-04-24'),(49,17,'http://lorempixel.com/384/480/?12124','2011-11-24','1998-02-17'),(50,17,'http://lorempixel.com/384/480/?69123','1982-10-15','1983-07-19'),(51,17,'http://lorempixel.com/384/480/?65397','1974-06-28','1972-11-27'),(52,18,'http://lorempixel.com/384/480/?69332','1980-05-05','2007-12-17'),(53,18,'http://lorempixel.com/384/480/?42623','1973-04-30','2007-03-12'),(54,18,'http://lorempixel.com/384/480/?54430','2010-05-18','1984-12-08'),(55,19,'http://lorempixel.com/384/480/?90175','2014-03-12','2006-09-06'),(56,19,'http://lorempixel.com/384/480/?12361','1972-08-13','1987-07-05'),(57,19,'http://lorempixel.com/384/480/?31926','2003-10-15','1985-06-29'),(58,20,'http://lorempixel.com/384/480/?67744','1983-08-19','1985-07-24'),(59,20,'http://lorempixel.com/384/480/?56422','2013-05-28','1983-08-14'),(60,20,'http://lorempixel.com/384/480/?28602','2013-06-24','1974-10-09'),(61,21,'http://lorempixel.com/384/480/?43016','1979-11-07','1988-04-27'),(62,21,'http://lorempixel.com/384/480/?48525','2012-04-27','1992-01-29'),(63,21,'http://lorempixel.com/384/480/?67410','1991-04-10','1999-08-29'),(64,22,'http://lorempixel.com/384/480/?26031','2001-06-09','2000-08-30'),(65,22,'http://lorempixel.com/384/480/?62449','2007-02-14','1994-03-06'),(66,22,'http://lorempixel.com/384/480/?77384','1988-08-14','1988-06-05'),(67,23,'http://lorempixel.com/384/480/?59265','2009-07-21','1984-07-02'),(68,23,'http://lorempixel.com/384/480/?38488','1991-12-13','2006-05-03'),(69,23,'http://lorempixel.com/384/480/?31279','1980-07-22','2005-06-19'),(70,24,'http://lorempixel.com/384/480/?78095','1992-10-14','1990-05-03'),(71,24,'http://lorempixel.com/384/480/?29793','1979-07-21','2009-12-11'),(72,24,'http://lorempixel.com/384/480/?86392','1972-11-05','2013-02-03'),(73,25,'http://lorempixel.com/384/480/?42059','1994-07-17','1985-07-26'),(74,25,'http://lorempixel.com/384/480/?84030','2002-11-09','2013-07-05'),(75,25,'http://lorempixel.com/384/480/?82249','2012-03-07','1986-01-25'),(76,26,'http://lorempixel.com/384/480/?83295','1979-10-28','1983-10-25'),(77,26,'http://lorempixel.com/384/480/?62065','1977-05-17','1991-12-18'),(78,26,'http://lorempixel.com/384/480/?35224','1989-06-06','1975-12-05'),(79,27,'http://lorempixel.com/384/480/?20310','2011-05-11','2014-05-30'),(80,27,'http://lorempixel.com/384/480/?40610','1974-09-22','2000-07-05'),(81,27,'http://lorempixel.com/384/480/?70248','2004-02-02','1991-11-03'),(82,28,'http://lorempixel.com/384/480/?87633','1990-02-04','1989-12-26'),(83,28,'http://lorempixel.com/384/480/?65098','1998-03-02','1986-06-07'),(84,28,'http://lorempixel.com/384/480/?20822','2003-03-07','1982-01-21'),(85,29,'http://lorempixel.com/384/480/?41899','2002-07-04','1991-10-21'),(86,29,'http://lorempixel.com/384/480/?13332','1992-06-18','2015-12-02'),(87,29,'http://lorempixel.com/384/480/?54385','2011-03-18','1975-06-02'),(88,30,'http://lorempixel.com/384/480/?12851','2014-05-15','1989-01-27'),(89,30,'http://lorempixel.com/384/480/?94578','2003-07-01','1989-05-25'),(90,30,'http://lorempixel.com/384/480/?22174','2000-12-25','1990-04-01'),(91,31,'http://lorempixel.com/384/480/?72580','1970-12-06','2011-08-17'),(92,31,'http://lorempixel.com/384/480/?26710','1997-09-08','1975-02-14'),(93,31,'http://lorempixel.com/384/480/?54413','1996-11-02','1998-08-02'),(94,32,'http://lorempixel.com/384/480/?39160','1983-02-27','1990-06-08'),(95,32,'http://lorempixel.com/384/480/?29951','2003-05-27','2006-10-18'),(96,32,'http://lorempixel.com/384/480/?91609','1977-08-14','1994-03-02'),(97,33,'http://lorempixel.com/384/480/?34547','2002-11-27','2006-03-25'),(98,33,'http://lorempixel.com/384/480/?75713','1979-08-23','1994-03-05'),(99,33,'http://lorempixel.com/384/480/?59933','1976-01-30','1975-04-16'),(100,34,'http://lorempixel.com/384/480/?86069','1970-01-29','2002-10-16'),(101,34,'http://lorempixel.com/384/480/?80317','1990-12-01','2004-12-11'),(102,34,'http://lorempixel.com/384/480/?76091','1997-04-14','1981-05-04'),(103,35,'http://lorempixel.com/384/480/?93327','2014-10-02','2008-10-09'),(104,35,'http://lorempixel.com/384/480/?75726','1987-06-25','2001-01-31'),(105,35,'http://lorempixel.com/384/480/?81112','1996-08-23','1975-12-28'),(106,36,'http://lorempixel.com/384/480/?27259','1989-01-09','1992-01-23'),(107,36,'http://lorempixel.com/384/480/?27702','1981-09-27','1986-10-15'),(108,36,'http://lorempixel.com/384/480/?92397','1995-05-22','2001-01-10'),(109,37,'http://lorempixel.com/384/480/?23460','1976-08-11','1990-07-13'),(110,37,'http://lorempixel.com/384/480/?49536','1984-03-03','1991-06-10'),(111,37,'http://lorempixel.com/384/480/?67015','1987-09-07','1990-10-20'),(112,38,'http://lorempixel.com/384/480/?33641','2008-04-29','1995-10-13'),(113,38,'http://lorempixel.com/384/480/?25065','1985-02-19','1979-06-20'),(114,38,'http://lorempixel.com/384/480/?59733','2003-05-01','2015-11-13'),(115,39,'http://lorempixel.com/384/480/?57279','2016-03-22','1984-11-29'),(116,39,'http://lorempixel.com/384/480/?47812','1970-03-08','2012-09-29'),(117,39,'http://lorempixel.com/384/480/?99483','1988-08-04','1999-10-18'),(118,40,'http://lorempixel.com/384/480/?43443','1993-01-07','1983-03-28'),(119,40,'http://lorempixel.com/384/480/?26479','1986-04-20','2009-05-29'),(120,40,'http://lorempixel.com/384/480/?71033','1973-05-19','1986-07-11'),(121,41,'http://lorempixel.com/384/480/?56968','1998-05-04','2003-08-12'),(122,41,'http://lorempixel.com/384/480/?16899','1981-12-05','1995-05-14'),(123,41,'http://lorempixel.com/384/480/?73396','1990-07-05','1994-11-28'),(124,42,'http://lorempixel.com/384/480/?73166','1977-03-15','2009-02-20'),(125,42,'http://lorempixel.com/384/480/?50343','2012-10-21','1998-10-20'),(126,42,'http://lorempixel.com/384/480/?32386','2007-02-20','1993-04-17'),(127,43,'http://lorempixel.com/384/480/?64972','2007-08-18','1980-10-08'),(128,43,'http://lorempixel.com/384/480/?55257','1983-11-04','2002-05-06'),(129,43,'http://lorempixel.com/384/480/?86772','1972-12-03','1992-11-25'),(130,44,'http://lorempixel.com/384/480/?89549','1994-07-19','1981-04-18'),(131,44,'http://lorempixel.com/384/480/?40278','1988-06-07','1987-08-13'),(132,44,'http://lorempixel.com/384/480/?20768','1997-12-26','1989-08-08'),(133,45,'http://lorempixel.com/384/480/?27099','2011-03-23','2001-06-24'),(134,45,'http://lorempixel.com/384/480/?40457','1999-06-19','1983-11-04'),(135,45,'http://lorempixel.com/384/480/?26867','2015-07-08','2008-09-11'),(136,46,'http://lorempixel.com/384/480/?36079','2001-05-22','1987-03-19'),(137,46,'http://lorempixel.com/384/480/?46419','1970-01-10','2004-05-20'),(138,46,'http://lorempixel.com/384/480/?66927','1998-07-21','2015-04-28'),(139,47,'http://lorempixel.com/384/480/?30488','2012-08-19','1978-03-04'),(140,47,'http://lorempixel.com/384/480/?57823','2012-12-10','1977-12-06'),(141,47,'http://lorempixel.com/384/480/?83385','2013-05-09','2011-06-24'),(142,48,'http://lorempixel.com/384/480/?86585','2008-01-01','1972-12-18'),(143,48,'http://lorempixel.com/384/480/?80521','2012-05-02','1985-04-26'),(144,50,'http://lorempixel.com/384/480/?13720','2014-09-27','2003-05-11'),(145,49,'http://lorempixel.com/384/480/?55341','2012-10-11','1992-01-28'),(146,49,'http://lorempixel.com/384/480/?20325','2003-03-19','2010-03-18'),(147,50,'http://lorempixel.com/384/480/?19468','2004-02-27','1987-07-28'),(148,50,'http://lorempixel.com/384/480/?38973','1993-08-19','1981-09-19'),(149,50,'http://lorempixel.com/384/480/?25778','1971-06-20','1990-08-14'),(150,50,'http://lorempixel.com/384/480/?72362','1976-06-15','1974-11-05'),(151,51,'1475243858.jpg','2016-09-30','2016-09-30'),(152,51,'1475243858.jpg','2016-09-30','2016-09-30'),(153,52,'1475944767.jpg','2016-10-08','2016-10-08'),(154,52,'1475944767.jpg','2016-10-08','2016-10-08');
/*!40000 ALTER TABLE `item_images` ENABLE KEYS */;
UNLOCK TABLES;

--
-- Table structure for table `items`
--

DROP TABLE IF EXISTS `items`;
/*!40101 SET @saved_cs_client     = @@character_set_client */;
/*!40101 SET character_set_client = utf8 */;
CREATE TABLE `items` (
  `id` int(11) NOT NULL AUTO_INCREMENT,
  `cat_id` int(11) DEFAULT NULL,
  `sub_cat_id` int(11) DEFAULT NULL,
  `brand_id` int(11) DEFAULT NULL,
  `title_es` varchar(45) DEFAULT NULL,
  `title_eng` varchar(45) DEFAULT NULL,
  `price` float DEFAULT NULL,
  `stock` int(11) DEFAULT NULL,
  `description_es` text,
  `description_eng` text,
  `created_at` date DEFAULT NULL,
  `updated_at` date DEFAULT NULL,
  PRIMARY KEY (`id`)
) ENGINE=InnoDB AUTO_INCREMENT=53 DEFAULT CHARSET=latin1;
/*!40101 SET character_set_client = @saved_cs_client */;

--
-- Dumping data for table `items`
--

LOCK TABLES `items` WRITE;
/*!40000 ALTER TABLE `items` DISABLE KEYS */;
INSERT INTO `items` VALUES (1,14,65,1,'Pariatur tenetur facilis perferendis magni.','Sed ad accusamus ab dolores ea.',14,5,'<p>Quibusdam et eum quos blanditiis dignissimos sed ratione. Veniam officia sed voluptas. Id tempora eligendi eveniet ut consectetur. Quam est sunt commodi sed quia fugiat enim ut. At saepe rerum rerum minima ad provident deserunt. Dolores laborum qui eum inventore ad est. Reprehenderit ut quidem molestiae distinctio rerum vel. Accusamus magni est est atque ut hic rem. Dolor et velit doloremque dicta at nobis nobis. Sit temporibus velit nihil.</p>\r\n','<p>Pariatur error quibusdam et et optio non. Laudantium magni eligendi rerum quo. Minima sit sed et delectus dolorem maxime et. Ut illo amet qui vel alias dolorum. Ipsum possimus qui veritatis nulla. Ut aut minima ea sequi error adipisci. Quisquam rerum necessitatibus soluta velit animi et. Magni et ut perspiciatis sapiente doloribus earum. Dolorem laborum accusamus voluptatem et enim magnam. Aperiam sit repudiandae aperiam accusamus quo. Qui deserunt assumenda deleniti rem ut consectetur. Molestiae aperiam est voluptas natus deleniti placeat consequatur. A id est et omnis omnis. Eum autem deserunt dolor ad asperiores sapiente officia.</p>\r\n','1982-08-25','2016-10-19'),(2,11,51,2,'Ipsum quo.','Aut fugit eaque architecto minima consequatur',34638700,5,'Voluptatem est vero ut asperiores deserunt autem aperiam. Iusto dolore voluptatem rerum. Consequuntur corrupti quibusdam quam nobis deserunt est natus ab.\n\nDoloremque perferendis quia temporibus dolor ea qui minima. Ut doloribus quia rerum quae consequatur et mollitia. Vitae soluta et a soluta dolor molestiae. Ipsa quasi enim cumque modi sit nihil officia ducimus.','Ullam et sit debitis commodi. Nihil ipsa unde voluptas et debitis ut ipsam. Quibusdam eum repellendus quis nam doloremque dolorem qui. Excepturi expedita enim vitae ullam tempora et animi.\n\nMagnam distinctio alias culpa. Sunt eum sit velit aut fuga aut modi. Aut aut maxime odio exercitationem voluptas eveniet. Ipsa et ea amet sequi eos.','2012-10-12','1978-04-05'),(3,13,62,3,'In cupiditate nihil veritatis perferendis dig','Voluptatem aut accusantium ex ut neque.',2744.44,4,'Reiciendis et est qui recusandae animi. Dolores qui voluptatem ut. Nam nemo voluptas veritatis quisquam voluptates.\n\nEnim et ipsum possimus velit ut animi eos. Dolorem aut suscipit voluptas molestias maiores fuga numquam. Suscipit qui dicta iusto.\n\nVeritatis consequatur ipsam qui omnis illo repellendus ut. Vel quisquam maiores nesciunt neque ducimus veniam voluptatibus. Non ipsum quisquam odio id corporis omnis ut eligendi. Minima aliquam magni quisquam voluptate laborum maiores iusto. Aut dolor nulla nemo et veniam consequatur corporis.\n\nDeserunt nemo nihil qui. Nulla doloremque ut eligendi. Quia dolore provident ut laudantium occaecati ea.','Reprehenderit quo ipsa culpa dolorem ea. Iusto quia ab quae laborum fuga labore laudantium.\n\nFuga quam aliquam ut iure rerum. Iure alias sunt repudiandae optio sunt eum ea. Est magni ea voluptatem distinctio fugiat. Quia laboriosam placeat possimus doloremque.\n\nAt repellat sed ducimus voluptatum magni sed illum. Vero autem non temporibus libero officia nihil doloribus. Placeat suscipit et necessitatibus mollitia qui qui. Ut tempora error vel.\n\nAnimi qui nihil nisi ut. Voluptatibus ea dignissimos provident sed illo dicta mollitia. Delectus accusamus quaerat quia cupiditate placeat sunt aut.','2016-03-22','2002-08-14'),(4,13,44,4,'Eum numquam corrupti molestias amet velit qui','Rerum sit dolores in sit velit aut placeat co',8893.9,3,'Eos distinctio magnam tempora ab. Ut dolorum recusandae necessitatibus eum sunt libero quia. Sint accusamus qui sequi animi neque nisi laborum. Laborum id reprehenderit praesentium quisquam vero fugit ab.\n\nVoluptas aut accusamus sunt. Quas itaque rerum hic placeat provident. Beatae omnis sit numquam doloribus blanditiis necessitatibus libero ipsa. Magnam odio dolore ut neque.','Dolor at animi fugiat dolor. Omnis ut nihil quis perspiciatis. Et qui dolore ea sapiente non distinctio natus.\n\nVoluptatum voluptas itaque voluptas possimus voluptatum quaerat. Neque adipisci et doloribus nihil. Sunt magnam enim dicta et.','2015-05-12','2014-08-28'),(5,10,48,5,'Nobis qui incidunt consequatur quia cum qui s','Consequatur et id rerum et quasi.',57445.5,4,'Et dolores pariatur quia et veritatis quisquam molestiae. Harum officia est repellat eaque non quis. Repellendus voluptatem enim in sed. Voluptas accusamus saepe praesentium sed aut.\n\nAut quia veritatis dolores id perferendis. Repellendus facilis dignissimos qui voluptates laborum. Ipsum ut repellendus natus id omnis dolorem repellendus. Molestias vel itaque et perferendis autem dignissimos qui.\n\nEaque libero corporis libero id quae. Aliquid pariatur numquam distinctio quia aut unde necessitatibus. Necessitatibus voluptatum dolores sequi culpa. Tenetur sit sint laboriosam necessitatibus eum.\n\nVoluptates et corrupti quia voluptatem neque quasi libero. Reiciendis nesciunt laboriosam illum deleniti quis labore ut.','Aliquid tempora repellendus pariatur amet vero id voluptatem. Veniam quasi laudantium maiores et officia. Eligendi consequatur dolore architecto fuga deleniti.\n\nPraesentium dolor a sunt enim autem et explicabo. Repellat voluptatum doloribus quo natus laboriosam et. Assumenda ut suscipit eligendi ducimus minus dignissimos ex. Officia dolorum consequatur quia quia. Dolorem sint dolores eum aut ab eos accusamus velit.\n\nEst enim voluptatum alias tenetur dolorum non laborum. Ab aut ullam eum a excepturi non deserunt id. Animi velit ducimus eos inventore eveniet facere et. Similique omnis ut corporis ipsum.','1984-07-10','1998-10-28'),(6,8,32,1,'Reiciendis odit recusandae deserunt est dolor','Alias assumenda.',3748700,5,'Voluptatem vero officia aut. Illum sit beatae tempora a. A voluptatem vitae sed est impedit. Ut est unde laudantium modi facilis molestiae eum.\n\nVoluptatem ut rerum omnis rerum sed eum. Tempore esse et debitis enim sint illo. Doloremque doloremque id dignissimos. Magni fugit facere quod sequi est porro.\n\nRepellat dolorem autem aut quia corporis ut. Modi dolor ea sunt dolores nihil corrupti quis perferendis. Quia dolores dolore rem dolores voluptas omnis.','Ab harum illo sit ipsam voluptates. Sint consequatur qui nobis sed fuga nesciunt sint. Sed harum laboriosam qui aliquam est voluptates. Dolorum et hic voluptatibus sequi sed.\n\nDistinctio dolores et sunt non voluptatem ut. Aut ad quis fugit maxime et labore quia esse. Aut sapiente explicabo nostrum quidem. Beatae molestiae voluptates enim quasi quod expedita possimus aut.\n\nSuscipit dolor nam sint consequatur et et. Et reiciendis voluptate omnis aut.\n\nUllam est dolore enim doloremque rerum ea quia. Provident et explicabo laudantium repellat autem. Corrupti est est cumque ipsam.','1990-01-14','2012-03-03'),(7,11,24,2,'Earum error ullam cupiditate.','Ut consequatur ratione officia voluptatem qua',888827,7,'Minus et ullam praesentium. Magnam sapiente architecto cupiditate. Maiores veniam voluptatum corporis ea necessitatibus autem. Assumenda ea neque et eligendi maxime hic.\n\nMolestias quidem rem sint dolore. Ipsa qui ipsa adipisci minima consequuntur. Nulla quod pariatur nobis suscipit. Ex quidem dolorem dolore aut in quam.\n\nHarum voluptatem mollitia ea consequuntur porro quae quam. Porro velit voluptatem temporibus sit. Velit ex eaque sint accusantium cumque.\n\nConsequatur voluptatem ea velit. Vel earum rerum voluptas laboriosam sint. Ut natus unde non consectetur voluptatem.','Atque molestiae distinctio illo illum maiores nihil ea. Nesciunt dolores qui deserunt dolorum labore a nemo. Eum nulla nulla nihil culpa quos in eos. Maiores autem eos ullam assumenda.\n\nVoluptas saepe voluptas aut recusandae earum. Magni necessitatibus non odio sint quibusdam amet. Ut autem corrupti officiis iusto iusto laboriosam consectetur.','2003-06-21','1994-09-08'),(8,13,40,3,'Doloribus ad quasi at et non itaque id conseq','Quo sed sit molestiae et aut molestiae ut qui',71755500,9,'Aut qui nostrum itaque ea voluptatem voluptas. Molestiae qui ea qui corporis nam nihil. Facilis atque occaecati doloremque dolore molestiae qui illum. Et temporibus consequatur non est facere sequi eos voluptatem.\n\nAccusantium voluptatem dolorem cupiditate et magnam accusantium eum. Vero suscipit est dolorum qui et. Sed fugit minus sequi culpa magnam. Quasi est impedit culpa magni expedita sunt alias.','Quis voluptatem et atque. Magni repellendus minus fugiat distinctio eligendi aut autem. Aspernatur maxime magnam assumenda a tempora eveniet. Necessitatibus molestiae enim voluptatem.\n\nVoluptatem natus alias necessitatibus cumque. Atque adipisci voluptate sed dolorem et. Ea fugiat nesciunt corporis.\n\nDolor nihil laboriosam fugit aut aliquid. Voluptas at neque ipsum pariatur sunt qui qui. Beatae atque et incidunt nisi corrupti et. Et ad ea qui illum atque eius rerum accusamus.','1989-06-10','1993-10-24'),(9,13,68,4,'In veritatis totam ea et dolore.','Libero eaque consequatur veritatis dolores ip',4.68,8,'Tenetur quia autem at eius. Omnis nobis corrupti et sunt consequuntur sint eligendi. Debitis ratione dolorum et beatae est facere quisquam. Qui accusamus nostrum corrupti tenetur nisi amet eum voluptates.\n\nUt non et eveniet. Reiciendis exercitationem quia ipsum a eveniet officiis nesciunt accusantium. Quis dolorem quibusdam ex est voluptatum incidunt. Aspernatur animi sunt non assumenda voluptas quo.','Ab quibusdam aperiam velit beatae distinctio. Et est et omnis quod provident neque vel quis. Provident alias qui iusto enim non.\n\nId beatae quia quis cum. Est eos quis porro suscipit et quod ut. Voluptatem et earum qui sint aut. Non mollitia dolore perspiciatis culpa.\n\nConsequatur et doloribus reprehenderit ab ut. Maxime aspernatur ratione aut dignissimos rerum vel repudiandae aut. Tempore aut laudantium eveniet assumenda praesentium ipsam. Ex harum dignissimos sunt reprehenderit repellendus recusandae molestias autem.','1992-05-04','2014-04-29'),(10,10,61,5,'Voluptates accusantium magnam ipsam aliquam.','Et.',181762000,7,'Fuga eos magni ipsam. Et dolor quia et quaerat similique officia. Qui iure rerum beatae. Illo cumque vitae vel.\n\nIure laborum laudantium quam mollitia vitae alias nihil. Sed autem similique explicabo eveniet illum dolorum qui. Aut atque aut dolorem.\n\nUt optio sit esse explicabo et. Qui quia et sint.','At nostrum atque aliquam sint officia eligendi sed. Maiores sit explicabo odio voluptatem et velit. Voluptatem nam ut et eum doloribus.\n\nDelectus et occaecati voluptatibus. Distinctio illum et odit qui dolore earum ullam. Eius ipsa quos ut voluptas nihil dolore.\n\nNihil facilis repellendus sint doloremque nobis maiores ea. Illum accusantium nemo dicta est nihil. Debitis sint adipisci ratione provident eveniet. Ut optio eligendi quia odit aut enim.','1998-12-09','1992-10-24'),(11,9,66,1,'Est est impedit.','Magnam ea rem commodi quia.',5.03,65,'Voluptas veniam harum nihil architecto expedita exercitationem. Repellat dolor quasi vel dolorem labore. Hic est alias quo in. Sit laudantium neque eos. Vitae dolores a alias numquam a.\n\nUt ut quisquam provident. Qui hic necessitatibus et. Vel rem quis nesciunt itaque vitae omnis quo culpa. Laudantium aspernatur quibusdam aut eveniet laboriosam.','Enim voluptatum voluptates ut et pariatur. Ipsam assumenda beatae voluptas blanditiis ut perferendis perferendis. Vel accusamus sunt praesentium eaque praesentium aut soluta. Quia omnis temporibus rerum deleniti ullam officiis.\n\nAperiam soluta explicabo velit id. Porro nostrum quasi recusandae. Aut numquam qui est quod voluptatem soluta ut. Provident vel corrupti cumque corrupti magnam eos et.\n\nVoluptatum nostrum reprehenderit tenetur non nemo sit facere. Eaque voluptas eligendi ducimus iste aut beatae. Unde ullam aut cupiditate.\n\nCupiditate eligendi minus nesciunt aut maxime. Voluptas ab praesentium eum ea. Magni dolore aliquam laborum ut atque est. Eaque a nihil asperiores rem officiis ratione et porro.','1977-07-25','1998-10-02'),(12,12,31,2,'Sint voluptatem in et enim numquam consequatu','Eaque et atque eum.',394897,4,'Incidunt sed esse ipsum molestias consequuntur. Voluptatem fugiat a aspernatur sed sed voluptates. Soluta velit blanditiis et ex dolores sit assumenda.\n\nNon rerum veniam rerum ab totam. Aut sint est natus doloribus molestiae repudiandae. Doloremque aperiam porro ex.\n\nVoluptatem ducimus id esse maxime error sequi sunt. Porro laborum tenetur quae consequatur ut. Architecto quisquam qui incidunt qui. Aperiam similique ea eum.\n\nQuia repudiandae dignissimos rem repellendus et incidunt sequi. Quia quibusdam delectus incidunt repellendus qui. Nemo asperiores velit rerum rerum. Est neque et aperiam vel beatae.','Ut ratione animi veritatis officiis maxime. In minus neque consequatur nihil accusamus. Veniam est aut sit velit aut nihil quasi.\n\nAut quis aut velit voluptas eos. Excepturi minima aliquid vel vero. Ut ab vel incidunt incidunt.\n\nMagnam quis laborum aut officiis qui. Ad fugiat minus cum totam. Placeat sint odit fugit ut. Ea qui voluptatibus fugit non magnam placeat at.','1993-02-18','1979-12-03'),(13,11,35,3,'Quia.','Sit reprehenderit modi.',28049.5,5,'Quam autem dolorem sit dolores magnam. Sit itaque dignissimos repellat quisquam. Magni cum voluptatibus qui iusto.\n\nCorporis cum et iure et mollitia fuga dolorum. Consequatur qui similique eum quia. Ut occaecati eius vel adipisci autem et earum in. Esse accusantium quis delectus aperiam necessitatibus autem.\n\nRecusandae quaerat quidem est eligendi ea velit cum. Dolorum rerum blanditiis qui reiciendis unde et in. Dolorum corporis molestias qui aliquid et quia. Quo corporis tempora cumque velit odit libero nisi.','Eos enim eum aut ut quo eligendi. Aperiam minus rerum distinctio dicta. Enim asperiores iste ad qui ab perspiciatis enim.\n\nVoluptates quae iusto provident ut rem fuga esse. Id deleniti dolorem qui aut. Veritatis non et est.\n\nEnim fugiat dolorum autem eos molestias animi. Animi excepturi voluptatum quibusdam ut aut aspernatur. Nam dolorem error facilis est nostrum excepturi magni.','2014-05-27','1980-02-17'),(14,9,21,4,'Reiciendis nulla ipsam et id qui dolore conse','Est suscipit eaque.',1782.51,6,'Est velit amet sint voluptas. Porro placeat voluptas quas commodi. Magni dolores porro nemo optio ullam ea et. Debitis ut tempore voluptatem veritatis eveniet soluta alias.\n\nQuia illum distinctio vel doloremque labore vitae. Quod aliquam at quod culpa. Quia repudiandae aperiam sit dicta porro totam. Molestiae rem reiciendis ea. Quibusdam quo neque corporis at ipsam repellendus et.','Et saepe ipsum occaecati aut quia omnis fugit quidem. Dolorum velit est dolorem illo animi. Temporibus explicabo porro aut tempora quas veritatis eum.\n\nDolorum consectetur voluptatibus non ipsa modi ea. Eius voluptas minima explicabo quo ipsa. Repellendus eaque voluptatem at sunt.\n\nNam distinctio est et aperiam. Provident iure dignissimos nam itaque. Id sint modi provident nam eum enim cupiditate.','1973-04-27','2013-03-05'),(15,9,53,5,'Explicabo quo officiis.','Molestias distinctio nisi quae quaerat quidem',75.12,7,'Maiores enim sunt ab cupiditate consectetur. Nam quia ut aliquam ex velit voluptas. Minus nihil qui veniam totam rerum odit. Possimus praesentium optio illo reprehenderit molestiae consequatur.\n\nCupiditate in cupiditate provident iure deleniti qui voluptatem nulla. Quas molestias fuga possimus labore cupiditate. Impedit sed culpa rem cupiditate vitae voluptatem qui. Voluptas amet maiores voluptates vitae. Non non a voluptatum et.','Eius autem deleniti consequatur debitis asperiores et velit nihil. Et suscipit magni voluptatibus minima magnam et et at. Et quia ut quis ut commodi accusantium. Blanditiis neque aperiam soluta eos dolorum.\n\nEt ea quasi aperiam vel excepturi. Distinctio qui et saepe quia et. Natus ducimus autem quos aliquam. Deserunt consectetur illum amet eos architecto soluta.\n\nTemporibus quis accusantium vel autem veniam molestias. Praesentium laboriosam corporis fuga ea quos dolores fuga. Et exercitationem consectetur vel est hic. Aspernatur animi eius tempore.\n\nLabore quia nihil ipsum ipsam fuga commodi qui ratione. Omnis amet soluta qui. Temporibus consequatur corrupti et iure. Molestiae ex dolorum eius.','2003-02-25','1971-10-30'),(16,9,41,1,'Officia autem magni sint.','Alias doloremque voluptatem voluptatibus dolo',394557,9,'Eius quia deserunt similique ut in voluptatem sed. Omnis doloremque qui consequuntur accusamus molestiae natus. Magni quis necessitatibus quisquam inventore officia est illum impedit.\n\nRecusandae cum quaerat atque aliquid id dolor. Corporis nam sit est quidem optio. Corrupti in qui voluptatem tenetur sint.','Occaecati in repudiandae quia laboriosam occaecati repellat id voluptatibus. Voluptas aliquid quaerat quia eveniet perspiciatis. Fugiat praesentium esse laudantium rerum nihil eum illum.\n\nSuscipit magnam minima quae placeat consequatur modi. Debitis vel inventore sequi quo sed rerum molestiae. Enim enim accusamus minus et reprehenderit. Officiis culpa quia libero voluptatem.','1991-01-13','1995-10-04'),(17,11,58,2,'Possimus est est quo eos eum provident non.','Odit eaque doloremque voluptatem omnis nisi.',6285.58,8,'Porro aut maxime cum assumenda consequatur suscipit suscipit. Aut est quasi expedita maxime ea accusantium. Voluptatem ut id placeat similique voluptatem est. Quasi dolorem voluptatibus magni voluptatem molestiae rem.\n\nOptio asperiores a et reprehenderit. Id doloribus cumque aspernatur tempora in. Error hic odit tenetur vero incidunt. Magni iure velit possimus porro ut labore. Quisquam aut aut at enim.','Dolorem facilis voluptas earum qui mollitia nulla distinctio. Quia sint voluptatem minima impedit.\n\nUt voluptatibus cum sequi ut quisquam dignissimos eligendi. Nulla aspernatur nemo voluptate quaerat et excepturi quos. Et iure animi dolore.\n\nRerum labore omnis cupiditate porro occaecati dolorem eos. Id placeat quia nam possimus nihil cupiditate et qui. Corrupti nihil esse voluptatem. Molestiae quam eius culpa laboriosam maiores voluptatibus.\n\nIpsa assumenda magnam voluptates dolorum. Quos eaque aut harum aut quia nobis. Aut sapiente aut porro et quisquam aut ut totam. Iste quasi officiis praesentium et consequatur.','1973-06-13','1986-03-06'),(18,8,61,3,'Est maxime amet nam.','Et amet.',394489000,7,'Quo est culpa velit mollitia. Provident illo quia similique nemo. Exercitationem porro autem et quasi.\n\nEa velit et enim. Praesentium labore totam eius dignissimos quasi consequatur. Vel similique consequuntur animi omnis facere. Rem a quia voluptate tempora aut.','Eos suscipit aut neque fugit. Fuga ad dolorum consequuntur sapiente. Qui dolore qui ab qui fuga. Modi enim ab magni aut aliquam cupiditate harum.\n\nOdio deserunt dolorem maxime laboriosam. Officiis molestiae veniam nemo quam adipisci odio. Natus in voluptas qui dolores earum quibusdam. Est voluptatem voluptatem molestiae tenetur eveniet earum.','1991-03-01','1997-04-06'),(19,14,24,4,'Hic ut itaque porro quia nobis.','Quasi doloremque autem.',820.36,6,'Et molestiae et assumenda quasi itaque eius aut corporis. Facere fugiat tempora atque dolorem sint ad sed saepe. Magnam quo voluptatum ut enim voluptatem. Qui nesciunt voluptatum dolor et.\n\nVoluptate aut saepe nulla ut suscipit ipsa magni. Ullam minus officia dolor. Placeat neque iste nihil repellat. Sed unde amet repudiandae est sequi sit.\n\nFugit officia molestias est hic voluptatum voluptatem incidunt. Qui soluta aut debitis ut eligendi. Porro modi molestiae architecto. Labore quis aut laudantium tempora porro et in.','Rerum quis distinctio perferendis recusandae. Similique dolore dolorum incidunt a sed. Ut eveniet possimus eum quo quisquam est. Labore facere in optio.\n\nAdipisci magnam delectus consectetur quo voluptatem. Magni vitae ullam qui architecto. Unde nostrum inventore et dolorem ut eos.','1991-12-21','1972-06-16'),(20,12,33,5,'Quaerat quibusdam consequuntur sed ad nihil q','Doloremque et minus alias nisi quasi aperiam.',4.77,6,'Optio quia voluptates ea a reprehenderit autem dolor. Ipsum officia consequatur minus iure. Omnis qui sint quasi incidunt sed. Provident accusantium quam enim aut.\n\nSit minima aut omnis. Nemo labore odio nesciunt qui similique doloremque sint. Qui et tenetur voluptatem rerum et et. Omnis rerum vel ipsa in cum numquam autem.\n\nVoluptates asperiores voluptatem corrupti consequatur laborum. At saepe natus dicta sed ut qui. Tempore neque aut qui. Eos sit placeat et non reprehenderit. Officia ducimus non omnis ad.\n\nQuis laborum dolore cum ut et. Repellat nihil dicta debitis minima nesciunt ea et. Culpa beatae veritatis id numquam. Id debitis autem sit officiis reprehenderit.','Doloremque rerum numquam esse vel explicabo soluta ipsa. Impedit vitae sed ut quaerat repudiandae quaerat atque nihil. Corrupti quasi molestiae nam fugiat consequatur deserunt.\n\nNostrum repellat eos asperiores ratione tempora quas. Quae omnis fugiat est velit ullam. Incidunt nihil aperiam ut suscipit voluptates. Atque dolorem deserunt qui totam veritatis fuga.\n\nRem dolores aut cum dolor. Odio quia ullam et vel beatae unde. Voluptatem ad fugit in repudiandae rem aut. Amet quibusdam natus exercitationem libero deserunt sint.','2016-05-24','1975-07-26'),(21,8,30,1,'Qui dolores nobis molestias voluptatem cupidi','Amet.',9022.75,5,'Vel molestiae incidunt reiciendis qui autem ut sed. Veniam ut quia quas aliquam repellat magnam. Quia facere velit facere qui omnis esse repudiandae natus. Nulla odio ut et consequatur tempore.\n\nId provident voluptatem vel sapiente nam esse. Dolor ad sed repudiandae quasi. Magni est labore velit quia. Ea quia quos unde.\n\nNemo et magni quod. Qui sint sed quas rerum eligendi minus voluptas.','Aliquam quia tempore odit quia hic. Aut est qui ratione est. Fuga officiis sunt incidunt et modi tempora minima.\n\nSed aliquid error eius aut molestiae magnam. Beatae neque eos pariatur quia aut.\n\nNihil sit vitae et dolores dolorem. Et et distinctio et. Cum dolor et quas distinctio rerum voluptatem. Autem officiis doloremque consequuntur exercitationem numquam sit sit.','1981-03-31','2006-07-29'),(22,11,50,2,'Maiores eum.','Rerum.',117929,5,'Ut cupiditate suscipit possimus. Delectus ea delectus eos rerum eaque molestiae deleniti. Assumenda a recusandae qui eius et. Delectus iusto occaecati accusantium et molestiae.\n\nTenetur ea eaque beatae veritatis numquam sit. Eum quia ratione libero asperiores aliquid. Qui possimus quia repellendus officiis.','Amet delectus doloribus minima porro non qui. Ad et modi voluptate et sunt nulla. Quam hic magnam quasi nam aut accusamus illo. Sit odio soluta maxime architecto molestias harum quia.\n\nSequi odio quo quo minus quo. Architecto sunt eos inventore ut dolores nobis. Et ut ipsum commodi ipsa rem quam voluptatem. Quae dolores aut et fuga corporis.\n\nQuia ipsa beatae eaque aut est omnis non. Nulla corporis earum aut voluptatem quam. Culpa accusamus ea est officia.\n\nDistinctio occaecati delectus voluptas et eius. Aut voluptates voluptas omnis non ratione. Repudiandae id eligendi quo rerum in illum libero.','1984-08-27','1988-12-08'),(23,8,39,3,'Est dolorem illo iure quas cumque.','Quia ea aliquam sit quasi dolore facere iste.',330175,9,'Ipsa praesentium id minima eligendi. Iure praesentium amet temporibus quidem est. Amet quia quidem et.\n\nAlias eveniet velit totam ratione laborum est. Culpa quam neque voluptatem eaque.\n\nBlanditiis aut dolore id reprehenderit consequatur. Nostrum porro mollitia qui qui necessitatibus quidem. Qui libero ab magni saepe.\n\nOmnis nisi deserunt earum ducimus nam minus est. Sunt at nulla voluptas non rerum dolorum. Maxime et id dolores quia consequatur quo. Quia tempore temporibus reiciendis consectetur enim recusandae voluptates est.','Consequatur quo blanditiis est sint. Adipisci nobis velit quia numquam ea dicta aut dolores. Hic consequatur velit ipsum consectetur.\n\nItaque eveniet ducimus et. Sed iusto vero nulla aut quos distinctio est. Possimus numquam odio neque consequatur nesciunt asperiores optio.\n\nSit natus fugit iure sed voluptas maiores inventore. Blanditiis impedit quis beatae consequatur. Necessitatibus at eaque hic laudantium blanditiis.','1987-07-20','2007-01-29'),(24,12,32,4,'Recusandae dolorem.','Et sint incidunt velit error dignissimos earu',4087060,8,'Fuga magnam quia tempore dolore rem. Veniam harum harum minus ut voluptatem. Sint molestias ut est sunt voluptatem quidem ea.\n\nEt sunt sed eos esse enim alias pariatur tempora. Quae minima consequatur commodi cupiditate magnam. Quas iste ut qui tenetur.','Ut praesentium dolores non quibusdam veniam vero quas. Dolorum quo et id qui aut. Consequatur eos enim eveniet nemo.\n\nAperiam et dolor ut minima. Perspiciatis quibusdam facere cum non harum.\n\nAt quam aspernatur quia quia voluptatem non. Non earum minus id sunt. Error totam ut molestiae.\n\nTemporibus illo assumenda ea assumenda vel at. Voluptatem autem at laudantium et nulla. Sunt nesciunt incidunt illum dolores enim.','1974-04-04','1984-10-27'),(25,13,44,5,'Amet quo qui sed earum eum.','Provident asperiores veniam.',936.29,7,'Consequatur enim architecto est nobis officiis eaque. Accusamus cumque beatae nobis placeat mollitia exercitationem. Quis illum voluptatem quibusdam fugit qui blanditiis et id.\n\nEum laborum porro quasi sequi voluptatibus amet tempore. Corrupti ipsum non qui repellat veniam quam ad. Iste laboriosam iure impedit suscipit nobis voluptas.','Hic temporibus sed alias sit odit error placeat. Voluptatem fugiat error odio dolorem similique. Consectetur dignissimos illum maxime ab.\n\nNihil at odit vitae quia cupiditate nesciunt. Omnis laboriosam iure dignissimos quia id reiciendis necessitatibus. Voluptatibus earum reprehenderit eos aut aliquam consequatur ut.','1985-01-23','1974-09-29'),(26,12,35,1,'Et eos velit natus.','Impedit repellendus est aut doloremque enim q',71.36,7,'Aut repudiandae ratione veritatis libero in natus. Quam dolorum quae asperiores aut itaque voluptas. Qui aliquid fugit repellendus qui ut dolore.\n\nIn facere rerum facere et molestias deserunt. Explicabo nostrum id dolores ducimus. Recusandae sunt magnam atque qui est omnis hic.\n\nLibero laborum veniam cumque enim dolores quo cupiditate. Ipsa laboriosam consequatur asperiores eveniet quia possimus eos. Porro blanditiis quos quisquam saepe nisi aut. Tenetur facere perspiciatis nihil nisi voluptatibus aliquid cum.','Excepturi nostrum quidem consequuntur voluptatum. Qui sit voluptatem quasi quisquam sed sed. Facere architecto temporibus ullam quos id voluptatum.\n\nEt voluptate nihil placeat rerum recusandae voluptatem. Ratione qui dolorem consequatur sed aliquid voluptatem quae eos. Tempore maiores quam aut.','1977-08-12','2010-12-31'),(27,11,70,2,'Vero nesciunt in expedita est officia rem.','Voluptate ipsa.',4215.63,6,'Assumenda sequi omnis ut sed quos quia et. Provident minima qui ea. Suscipit ut est harum accusantium. Id dicta labore maxime sapiente iure enim quo.\n\nMollitia veritatis voluptas iure. Quod atque voluptatum hic non aut fuga. Eum suscipit similique suscipit et. Tenetur maiores quia et porro id dolores eum officia.\n\nEarum veniam voluptates odio aliquam ut voluptatem pariatur. Corrupti suscipit nulla sunt quidem eum voluptatibus totam. Reprehenderit qui provident quo perferendis est optio quia. Dolor hic nulla excepturi quidem corrupti.','Id dolorum aut libero quae quis ut voluptatem. Ut minima facere maiores dolore. Minus quo quod voluptatem voluptas ex error dolores. Quasi similique sint temporibus consectetur nisi quia exercitationem.\n\nOmnis consequatur id molestiae cumque libero qui autem. Fuga harum nemo rem est quaerat sed et qui. Ut error omnis qui rerum. Vero laborum est nobis voluptas. Ipsa et hic et ducimus.','1992-06-02','1972-10-03'),(28,13,45,3,'Ea qui commodi perferendis.','Modi quaerat suscipit doloribus non esse offi',14.1,5,'Id ea exercitationem at magni. Quia aut totam voluptatem at id eos.\n\nVoluptatibus ut culpa qui maxime quia tempora est odio. Rerum omnis ab magni tempora molestiae veritatis officia. Saepe corrupti eum ut a nisi iste consectetur nisi.','Deleniti nobis libero doloribus. Ea maxime dicta ducimus in sit quia natus. Pariatur nesciunt eius fugiat repellendus. Occaecati sunt ea nesciunt beatae autem voluptates.\n\nSuscipit dignissimos beatae et temporibus repudiandae ducimus. Rem quia blanditiis culpa quod velit officia libero. Doloremque voluptatibus voluptas voluptatem sint eum cupiditate tenetur. Sit sint fugit quod inventore esse corporis eaque.\n\nDolorem accusantium quam nobis exercitationem eum laborum sapiente. Perferendis fugiat enim sed libero voluptas. Vel corporis voluptas earum velit voluptatem quod tempora.','1988-01-18','1976-11-09'),(29,11,29,4,'Nulla ut molestiae.','Minima illo vero nobis quisquam adipisci nobi',4.97,4,'Ab maxime et assumenda. Et rerum et quia. Explicabo cupiditate itaque ratione illum non cum asperiores.\n\nAt ad dicta tempore quod et sed molestias. Quo incidunt qui sit deserunt porro saepe sint occaecati. Iste nihil enim sint magni eum fugiat tempora.','Culpa quidem alias similique et qui iure. Corrupti voluptates incidunt cupiditate consequatur. Quod aperiam aut iste harum ut explicabo inventore. Excepturi eos cumque optio ducimus.\n\nEt ratione voluptatibus velit. Omnis debitis est in voluptatem eius possimus occaecati corporis. Tenetur aperiam nihil soluta fuga iste ut.','1987-07-13','1975-09-27'),(30,9,43,5,'Sed eaque et culpa quo fugit odit recusandae ','Animi dicta perferendis repellat et iste vel ',541501000,4,'Excepturi sint animi eos quibusdam et molestias. Neque dolores dolor corporis labore. Fugit facilis voluptatem rerum deleniti et voluptas. Architecto nihil laborum ex aut rem et. Omnis aut id et qui expedita suscipit nihil itaque.\n\nEarum nihil autem eius eos nemo ex. Dicta cum quaerat sint aut odit consequatur. Eos quia ut quisquam.\n\nEt laboriosam nostrum cum iusto. Officia illo adipisci iusto et placeat veritatis dicta perferendis. Eveniet id rerum consequuntur saepe quos rerum possimus. Illo veniam nobis perspiciatis dignissimos et consequatur.','Sit perspiciatis non porro sed. Perferendis impedit corporis enim minus quia aut tempora. Nam labore voluptatem nobis ut consequatur ut. Aut facere natus assumenda laborum.\n\nDicta eveniet qui labore voluptatibus repellendus. Debitis repellendus quibusdam quaerat. Quis illum repellat et laboriosam dignissimos molestias quia.','1988-05-20','1994-04-10'),(31,11,55,1,'Nobis nobis.','Similique.',3772270,5,'Quia enim rerum sequi quas voluptatem tempora. Aut debitis veritatis a nesciunt voluptas. Illum cumque et numquam mollitia autem animi labore. Minus odio nam quia qui et error in. Eos non mollitia qui.\n\nSequi doloribus iure optio quia sit rerum. Qui laudantium incidunt rerum. Unde nulla laudantium dicta ullam fugit. Sunt est iusto magnam optio.','Ex recusandae suscipit possimus sint. Numquam molestiae unde ullam eveniet cumque quibusdam qui enim. Ducimus eveniet quo aut sit ipsum qui. Quaerat consequatur deserunt aliquid velit doloremque vel debitis non.\n\nOccaecati praesentium inventore blanditiis magnam nam numquam. Est saepe voluptatem ut aspernatur autem. Non quia vel dolorem ullam nulla voluptatibus. Et sint et perspiciatis qui.','2015-05-26','2012-05-13'),(32,11,66,2,'Numquam nostrum.','Omnis nihil.',66975.1,6,'Quo non qui non sint est quo deserunt. Dolore voluptatibus consequatur aut natus. Facere nam aut aspernatur minus amet. Inventore delectus nihil et consectetur doloremque esse aperiam.\n\nOmnis earum id dolore maiores optio ab. Optio ut et omnis quam. Qui consequatur aperiam laboriosam accusamus commodi sequi. Eos voluptatem non fugiat.\n\nMaiores quaerat quisquam sunt dolor. Est similique voluptatem et quaerat. Ducimus est alias voluptatem quaerat deleniti veritatis ipsam voluptas. Aut dolore necessitatibus sed aliquam molestiae.','Magnam ad dolorum iste quod minima nulla voluptates. Et nihil quae occaecati et. Veritatis neque voluptas et qui iusto alias ut vero. Reiciendis rem et quia autem tempora provident rem iure.\n\nIn doloribus ab sequi distinctio in ut omnis culpa. Et natus est eligendi molestias maxime. Praesentium temporibus possimus qui blanditiis non inventore. Sed itaque velit dignissimos eaque molestias.','2005-12-31','2006-02-16'),(33,14,29,3,'Quae odio.','Inventore perferendis earum sed aut aut in qu',1.72,8,'Est deleniti culpa dolor omnis consequuntur eligendi quia. Tempora dolorum tenetur dignissimos. Autem quaerat enim molestias sed ipsum omnis distinctio. Et est similique consectetur amet tenetur.\n\nDistinctio at officiis doloribus minus ex harum dolores. Blanditiis explicabo odit aut est quo. Quia animi quo voluptates amet voluptates.\n\nAdipisci placeat quisquam vel officiis. Quia quam sed asperiores atque soluta blanditiis quaerat quod.\n\nAperiam ab id nemo est reiciendis. Ipsum in id placeat. Exercitationem error dolores corporis veritatis architecto. Non ut optio architecto quasi non.','Assumenda autem aut minus. Cum ut commodi laboriosam asperiores. Sequi fugiat possimus eaque id suscipit blanditiis explicabo. Esse natus laborum officia unde praesentium et sed.\n\nVoluptatibus fugiat iure culpa. Nam doloribus asperiores eveniet adipisci dolor provident sed. Sed quas fugit et sit. Nulla blanditiis ut quas non.\n\nAperiam sit eveniet eum architecto quam unde enim ullam. Unde esse facilis consequatur. Libero ducimus unde molestiae ab.','1979-02-28','1987-06-18'),(34,14,38,4,'Provident distinctio.','Culpa dolore repudiandae fugit aut explicabo ',92757.6,7,'Placeat dolor esse fuga temporibus est maiores. Est amet quo fugiat.\n\nIn consequatur voluptate voluptatem illo rem asperiores nemo. Est iusto autem nam aut sequi inventore. Dolorem quae quo est dolores dolor dolorum autem.','Perferendis maiores et totam ut qui enim. Quis non excepturi iusto omnis voluptate reiciendis aut. Rerum provident odio magni illo illo ut aut. Officiis esse molestiae voluptatem rerum voluptas vel nam.\n\nQuisquam aut doloribus in ipsum eaque deserunt adipisci iure. Dolores incidunt corrupti nam aut rem autem. Distinctio dolorum vitae consequatur itaque laboriosam blanditiis culpa.\n\nSit nisi quia qui ex. Illo est omnis quis possimus sed non sunt. Eum error et minima. Maiores sapiente in veritatis commodi illo necessitatibus fugiat sed. Qui excepturi dicta nesciunt sequi.\n\nVel unde expedita consequatur. Qui quo aspernatur non exercitationem non a sunt. Ut ipsam labore voluptatibus omnis laboriosam nostrum.','2015-07-10','2014-11-07'),(35,12,22,5,'Dolor ut et omnis explicabo ex similique dict','Aut molestiae exercitationem temporibus accus',64090.8,6,'Molestiae vitae perferendis fugiat vel fuga mollitia amet consectetur. Reiciendis exercitationem officia possimus dolorum quis facilis. Laudantium accusamus atque velit praesentium.\n\nLaborum quaerat quo dignissimos dolor. Est est eius minima delectus quod praesentium. Ea soluta repudiandae commodi harum quae corporis. Rerum ut quaerat cum quia odit sequi.\n\nSaepe voluptas quia nihil enim. Cumque accusantium alias consectetur itaque et sit reprehenderit. Magnam adipisci quis temporibus earum.\n\nUnde minima iure maiores molestiae adipisci aliquam laborum rem. Quos laboriosam temporibus velit aperiam veritatis. Perspiciatis voluptatum non corrupti numquam provident aut. Voluptas aut illum minus libero.','Ipsum nesciunt in quasi error est. Est molestiae laboriosam non maxime eius distinctio. Enim sapiente est dicta. Quaerat accusantium enim modi in rerum neque nisi.\n\nAdipisci ea sint voluptatem. Itaque sapiente vitae qui quo nemo architecto molestiae suscipit. Sit animi voluptatibus blanditiis est iusto. Sapiente possimus unde voluptates aut alias dolor fugiat.','1977-01-07','1982-09-01'),(36,14,32,1,'Illum porro.','Officiis debitis tenetur.',192905000,5,'Non est eaque hic culpa est consequatur aut. Dicta voluptatibus placeat suscipit aut minus voluptas optio.\n\nRepudiandae et et hic. Quia exercitationem veniam voluptatem omnis.\n\nNam animi porro tempore id qui sed ut. Quae quod quae et quasi. Voluptatem voluptate nemo ab ratione.\n\nAlias est labore blanditiis molestiae autem. Rem non itaque repudiandae. Sed velit et veniam consequuntur qui. Debitis molestias explicabo expedita odio praesentium nihil.','Quidem quia fuga eveniet facere quas porro. Harum fugiat et molestiae aut excepturi quia quam. Qui et consectetur consequuntur harum et.\n\nAutem fugiat eaque quibusdam perferendis dolorum sit qui non. Officia maiores est quod. Non sint natus sed minus eius veritatis.\n\nNisi similique quod hic non et adipisci. Amet iure repellat vitae. Aut provident amet ad. Quaerat commodi et vero vel eligendi id.','1978-10-22','2004-01-21'),(37,8,42,2,'Cum qui temporibus aut.','Laudantium dolore adipisci consectetur porro.',4909740,8,'Expedita aut ea ex quo totam id consectetur. Inventore non odio architecto hic rem voluptas molestiae. Sunt excepturi est assumenda laborum dolor quos sapiente.\n\nAut consequatur temporibus ad accusamus. Sit sit perspiciatis ad occaecati placeat. Aspernatur ad omnis a laborum voluptas ea enim.\n\nArchitecto sed ut laborum vel quod dolorem id. Corporis sed saepe dicta minus cupiditate vel ut. Provident sapiente autem animi.\n\nNumquam dolore consequatur soluta necessitatibus doloremque dignissimos aperiam. Nulla rem consequatur laborum nesciunt ipsum. Eius est porro nisi excepturi non autem quibusdam facere.','Iste quia esse deserunt quas et vel dolorem maiores. Libero sed quidem rerum est illo veniam corrupti ut. Neque aspernatur ipsa est iste voluptas nesciunt. Et illo inventore assumenda consequuntur.\n\nEst hic perspiciatis quaerat et nihil harum. Animi voluptas maxime necessitatibus tempore nisi quia unde voluptas. Sunt et eum commodi temporibus. Dolor illo eos rerum molestias dolorum quidem enim corporis.\n\nCorrupti unde voluptatum eos quos veritatis voluptas. Et quis est error nihil qui dicta. Recusandae eveniet est quo ut quia magnam.\n\nUllam maiores ut molestiae voluptate voluptas vero magnam sed. Necessitatibus delectus deleniti qui inventore. Nihil officiis et quidem officiis eum. Dignissimos inventore illo sit praesentium.','2016-08-14','1993-11-21'),(38,8,51,3,'Tenetur sunt occaecati.','Voluptates voluptatem maxime dicta nihil libe',43403900,7,'Debitis a quam sed incidunt eius itaque voluptatem consequuntur. Repellendus nemo eum atque est voluptatem ipsum sit corporis. Aut commodi ullam sed qui reprehenderit occaecati. Dignissimos exercitationem officiis molestiae ipsam numquam deleniti.\n\nQuas minus a exercitationem quisquam rerum quo. Quia quas perferendis et id. Qui sint aut maxime voluptatem laboriosam consectetur sequi.','Perferendis in et quibusdam quidem sed exercitationem. Nisi consectetur quas eligendi autem distinctio. Sunt eveniet omnis eveniet.\n\nDolor minima eum animi. Odit quia perspiciatis ipsum id provident dicta sit rerum. Voluptas expedita consectetur explicabo et ut. Numquam voluptas quam id dolores consequuntur quidem.','1970-02-10','2012-09-25'),(39,11,46,4,'Aut nemo.','Eos est eaque eaque a consequatur provident e',6.65,6,'Nostrum dolorem possimus eveniet. Exercitationem temporibus inventore sint. Repellat ullam sint similique tenetur eius saepe occaecati. Hic enim ratione iusto sint quam odio.\n\nFacilis dolorem architecto adipisci optio. Omnis magni debitis quo sit consequatur sunt dignissimos omnis. Molestias consequatur ut fuga ut atque enim quos. Aut omnis ut similique repudiandae iure aut.\n\nConsequuntur quia quo repellendus totam alias tenetur libero. Voluptas aut sed quisquam et nemo vitae architecto ducimus. Aspernatur et nisi sit rerum doloribus harum eveniet. Deleniti voluptatem eum commodi error laboriosam saepe voluptatem. Perspiciatis cum repellat minus sit officiis provident.','Iure et aliquid qui nobis. Reiciendis minus animi at et nostrum. Omnis qui enim aliquam tenetur. Doloribus sunt perferendis quas itaque porro dolores.\n\nRepellendus adipisci fugiat dolorum officia sed repudiandae consectetur iure. Eos ut id repellat. Non a blanditiis nulla et voluptas. Non at cupiditate et in nisi.\n\nRatione a at voluptate ut ipsum eos. Aspernatur minus natus excepturi aliquid aut ut quo placeat. Et quos vel quo labore vitae.','1985-01-28','1992-10-22'),(40,8,35,5,'Laboriosam voluptates rerum ut perspiciatis a','Quod blanditiis dicta.',1.71,5,'Sequi sed velit voluptatum. Numquam repellendus aut sint a voluptatem ratione et. Ut quisquam explicabo inventore enim doloribus in veritatis fugiat.\n\nOccaecati molestiae rem deleniti odit ipsa. Esse distinctio vel veritatis eaque dicta nulla. Amet quibusdam dignissimos quo et commodi velit sed. Repellendus dignissimos adipisci aut voluptas enim. Harum porro iure inventore et rerum.\n\nConsequatur libero nihil voluptas quo similique soluta voluptates. Consequuntur et iste sunt doloribus quaerat harum. Ab perferendis ea fugit et. Dolore sint error eveniet ea in sed cumque.','Sequi et et et tempore dolore dignissimos voluptas. Dolor officiis nulla veritatis et. Eius numquam sit sunt vero possimus omnis. Illo similique repellendus enim dignissimos corporis. Harum nam natus dolorem voluptatum quasi porro ab fugit.\n\nSuscipit eos veritatis aut maxime. Consequuntur ex quibusdam quia sint sed quis. Rem nostrum quo sit. Ut tenetur tempora nihil sit.\n\nTempore odit aut rerum et. Voluptas aut incidunt nisi quis adipisci. Quis et sit qui inventore. Tempore vel alias et et est aut.','1977-10-25','2004-02-02'),(41,14,57,1,'Aut quam.','Esse sed fugiat.',3090.23,7,'Aut quae repudiandae ipsum ut. Veniam aliquid quia magnam id. Illo porro earum sit quia voluptatem officiis. Voluptas molestias reprehenderit ipsum est.\n\nSit laboriosam molestiae quidem perferendis nulla. Ipsam ut temporibus eum aut laborum. Dolores dicta eos et nemo aut ipsa. Itaque saepe doloribus consequuntur qui nihil dolore nisi dolorem.','Omnis adipisci est aut. Fuga quis maxime sint minima ad itaque omnis. Qui numquam et voluptate consequatur officiis.\n\nLaudantium odio autem natus consequatur iure reiciendis ullam. Quia est ad quia deserunt est. Vel illo atque sapiente aut velit. Accusamus nisi vero culpa quasi ut amet voluptas.\n\nEst consequatur ipsum dicta. Animi eaque eos iusto in totam ducimus reprehenderit. Ipsa iusto cupiditate reiciendis quo quo. Dolores aut eos pariatur autem sint fugiat.','2014-08-21','2009-09-05'),(42,8,63,2,'Nemo.','Sapiente deleniti facere voluptatibus consequ',13798900,9,'Hic quidem quisquam eveniet et voluptas eligendi quia quis. Qui ad fugit animi sunt quas. Eum voluptas velit culpa ut. Dolorem et minus ad quod harum.\n\nNumquam aliquid consectetur vero ut omnis. Deserunt eveniet dolor harum sit aut. In dignissimos et quia commodi dolores recusandae voluptatum. Iure rem dolor laudantium ipsum asperiores molestiae. Veniam modi similique iusto doloremque atque et rerum.','Itaque dolor et ipsum iste quia qui soluta. Magni qui libero autem nostrum aut fuga nihil autem.\n\nEt voluptatem hic ipsa. Ipsum pariatur qui aut dolorem eos eligendi. Aspernatur quia atque eligendi ab illo reprehenderit ex laboriosam. Sed voluptatem aliquid facilis necessitatibus.\n\nPlaceat maiores molestiae vero et. Sed illum non hic. Modi dolores nam expedita possimus.','1978-06-07','1991-01-10'),(43,11,26,3,'Ullam earum corporis et ipsam occaecati molli','Et.',1.43,8,'Harum delectus inventore soluta error expedita libero rerum facere. Qui nisi ipsum voluptatem recusandae et architecto perspiciatis. Beatae recusandae qui dolores aut repellat accusamus dolores quis.\n\nConsequatur consequatur animi sapiente. Blanditiis est nihil et esse placeat totam. Sint tempore quisquam dolorem quaerat hic eligendi ut.\n\nQuidem dolores aspernatur deleniti ut ex commodi necessitatibus nisi. Quia non quia a ut saepe in repudiandae. Rerum aut vel libero voluptatem aut ducimus dolores. Eligendi omnis rerum rem officia omnis veniam. Et modi alias earum est quam aut.','Eius qui libero autem rerum. Inventore eos voluptatem enim sit nisi a veniam. Et numquam libero quibusdam saepe soluta illo et est. Asperiores non dolore vitae quia et.\n\nAutem et molestiae ut nemo. Ratione inventore aliquam quae nostrum nemo.\n\nNumquam eligendi nulla aut dolore. Sunt rerum qui maiores tempora explicabo est omnis. Aut optio quo minima voluptas expedita. Nihil nihil modi non accusamus voluptates non velit.\n\nA repellendus id quibusdam et praesentium. Vero dolores quos ex et et. Magni sunt quia optio ex. Perferendis tempore aut commodi sit et excepturi.','1990-08-03','1994-09-22'),(44,8,59,4,'Nulla consequatur beatae sed doloremque.','Voluptas ipsum esse blanditiis.',1550.27,7,'Nesciunt quaerat sint odit nisi quis. Non qui cupiditate porro et id repudiandae. Voluptatem illum illo labore quisquam earum tenetur laborum delectus.\n\nBlanditiis soluta molestiae facilis voluptatem ipsam. Rerum ut dolores aut totam nulla ea accusamus nisi. Corrupti porro sed consequatur dolor quia molestias illum. Et aliquam id natus molestiae illum accusamus.\n\nQuo sit iusto optio sit incidunt nulla rerum sed. Et ut quae adipisci et.\n\nNulla sint iure atque. Non blanditiis molestias et nobis eveniet. Repudiandae et error at similique explicabo aut fugiat distinctio.','Quidem ut itaque illum eum ea eos. Cumque quia repudiandae ratione eius ipsum natus. Aut quos voluptatum sed consequatur sunt cumque.\n\nRerum consequatur ut explicabo sed quo. Laudantium cupiditate praesentium sunt. Sint nisi ut voluptatem quo sit sunt. Ab molestias veritatis officiis unde aut. Aut doloribus sed in dolore voluptatem quia.','1999-02-26','2016-10-22'),(45,14,44,5,'Et hic hic ut corporis aut impedit nobis et n','Accusamus fugiat magni omnis non velit magnam',11.86,6,'Omnis ad accusamus ipsa consequatur consectetur. Neque et asperiores vero nihil quos a quos. In in quaerat non totam quis aut.\n\nIste natus sunt tenetur repellendus et. Dolores accusamus aperiam aliquid quo eos magni. Nostrum similique natus temporibus dolorum. Non et soluta minus aperiam vitae.','Et nemo sed et ex optio. Vitae velit quaerat tempora est natus. Aperiam omnis odit labore et. Repellat est et laudantium sit atque similique ducimus qui. Nesciunt libero consequuntur sit ut corrupti aut perspiciatis est.\n\nUt tempora unde non atque et veritatis ut. In et enim dolor sed eligendi eos cumque. Et iusto hic veritatis dignissimos totam et. Nihil neque qui impedit error ad quibusdam.\n\nSunt voluptatibus distinctio sequi soluta vel vero explicabo esse. Quia aut nesciunt reprehenderit animi veritatis libero culpa. Eaque ipsum sed beatae. In dolor ullam repellat sunt voluptatem et quia.','1976-08-26','1976-07-27'),(46,11,49,1,'Quo voluptate eos ullam perferendis.','Rem corrupti.',15048600,5,'Iure ullam illum nihil deserunt quis eum impedit. Aut asperiores iure laudantium et doloremque ut nobis eligendi. Molestiae est natus necessitatibus perspiciatis.\n\nRem delectus omnis impedit quis aliquam ut aut. Ipsa molestiae laudantium quia cupiditate in est autem ea. Officia quaerat nobis ex. Dignissimos quas et aut voluptatem libero velit.\n\nTemporibus aut vitae aperiam beatae. Esse et amet dolor id nulla voluptas. Corrupti reprehenderit molestiae tempora facere temporibus quis quod non. Tempore expedita ad esse facilis.','Aut recusandae laborum quos omnis voluptas. Culpa fugiat natus autem blanditiis sit quo qui cupiditate. Ullam neque magnam ab expedita accusamus beatae modi.\n\nSoluta aspernatur sint distinctio expedita et ut. Voluptates eum et doloremque inventore. Optio eveniet unde distinctio voluptas.','2015-05-06','1982-12-05'),(47,10,44,2,'Quidem sapiente suscipit consequuntur est aut','Quis.',147278,8,'Non a qui dolorum qui vitae. Dolore cum libero quo ut eaque. Assumenda laborum quia minus inventore qui accusamus corrupti ullam.\n\nDolorum sed praesentium mollitia omnis iusto voluptatibus qui. Aut porro accusantium aut eveniet magnam qui.','Reprehenderit est ad ut temporibus delectus illo. Facilis vero mollitia quis perferendis blanditiis architecto. Quia molestiae rerum at minima.\n\nQuia rem aspernatur vitae consequatur. Atque natus consectetur aut error omnis quibusdam debitis. Eos et veritatis odit similique. Dolorem non tenetur animi eum beatae et et harum. Voluptatem perspiciatis dolor eum quos nesciunt suscipit.\n\nEst eligendi illo aut quis. Nihil sit aut reiciendis esse. Nesciunt cumque soluta ut in numquam. Placeat atque asperiores est nemo aliquam.','1990-07-25','2003-05-06'),(48,11,68,3,'Expedita qui voluptatem voluptas aut voluptat','Ullam nesciunt et sapiente.',12806200,7,'Sapiente maxime ipsum nesciunt odio ipsam vel nemo. Ut doloremque aliquid qui excepturi. Explicabo in maxime est perspiciatis ut qui nihil. Eligendi et quasi voluptas molestias eum quas dolores officiis.\n\nFugiat quo quis id. Distinctio sequi dignissimos dolor aut illo hic ad. Unde officia omnis accusamus eius dolorem cumque porro.\n\nFuga reiciendis voluptatibus distinctio et quisquam aut voluptatem. Qui dolore ipsam a quam sunt iste ipsam. Facilis delectus rerum recusandae tenetur odio enim quos dignissimos. Debitis totam est incidunt et sapiente cumque provident. Aspernatur dicta harum quasi et.\n\nVoluptas praesentium omnis adipisci sed laboriosam praesentium modi. Exercitationem facere neque deserunt ducimus voluptatem architecto ut. Eos accusamus dolor quia ea. Rerum non ut et nobis eos est nihil. Aspernatur consequatur unde et quasi.','Quo sint omnis similique totam doloribus dolorum voluptates dolores. Quod eos nemo culpa.\n\nEst libero qui deleniti odit. Vel mollitia fuga beatae. Reiciendis hic in non quis.\n\nAccusamus distinctio laudantium earum ipsa ut molestias voluptate. Perferendis et est est repellat. Qui culpa et beatae optio. Eveniet aperiam officiis ipsum beatae sint placeat.\n\nQuia nesciunt dolores quia qui provident nesciunt sint. Qui ab ut quo maxime magnam reprehenderit facere aut. Explicabo qui molestiae natus vitae voluptatum.','1974-02-15','1979-04-20'),(49,11,33,4,'Quia nisi temporibus.','Animi est magnam quaerat et distinctio.',75.99,6,'Consequatur beatae sapiente et laborum eveniet aut culpa. Eos vero et est et autem commodi eos dicta. Inventore placeat qui occaecati accusantium. Quasi eligendi cumque omnis aperiam.\n\nFugit asperiores omnis qui enim dolorem. Distinctio sit consequatur sit enim et. Rem libero quas saepe voluptatem quia repellendus temporibus.\n\nQuasi harum sit et magnam deserunt at perspiciatis. Natus labore vel asperiores consequatur facilis dolor. Eaque enim fugit est nihil praesentium voluptatem quia.','Maiores voluptatibus voluptatem non magnam voluptas unde quia. Fuga qui sed necessitatibus maiores doloremque aut velit voluptatibus. Corrupti aut amet nemo rerum est maiores.\n\nDebitis nisi debitis voluptatem aliquid et. Qui ipsum et totam similique blanditiis accusamus. Maiores mollitia repudiandae corrupti eius.\n\nAmet quae quia perferendis quia vel id. Culpa maiores voluptatem hic repellat eos nisi.','2012-11-03','2016-10-22'),(50,11,52,5,'Laborum neque id explicabo.','In aut commodi dolorem ad dolorem in omnis is',171.37,5,'Dolor repudiandae velit consequatur sit nobis. Suscipit maxime dolore repellat quo dolores magnam. Doloremque iste voluptas dolorem voluptatum soluta numquam quia. Et quisquam optio tempore et ratione fuga excepturi.\n\nId at voluptatem earum necessitatibus labore consectetur ipsum. Labore qui in consequatur consequuntur sint consequatur. Vel voluptatem perferendis qui non ad ad nesciunt id. Corporis quisquam dolores laudantium et.\n\nUt quaerat est id laboriosam nostrum voluptas sequi. Quas deserunt possimus quidem expedita.','Ipsam magnam autem voluptatibus. Voluptas eos omnis magni quibusdam cum. Id eligendi voluptate hic aut ipsa et rerum beatae. Veritatis laboriosam quam impedit nostrum.\n\nSuscipit ducimus incidunt odio ut nostrum. Dolorum quis corrupti id nobis dolores nobis et blanditiis. Natus magni sit tenetur quidem ut officiis excepturi.\n\nError ipsa vel quam repellendus. Quaerat et rerum autem consequatur corporis aut. Ut aliquid vero quam aut et pariatur. Nam fugit doloremque autem repellat.\n\nEt dolorem repellendus id iste sapiente vel rerum. Laborum occaecati quis porro voluptas distinctio.','1991-05-22','2016-10-22'),(51,8,20,1,'producto 2','product 2',1800.99,76,'<p style=\"text-align:justify\">ad fdaf dafdafadf daf dfdag dagad fdaf dafdafadf daf dfdag dagad fdaf dafdafadf daf dfdag dagad fdaf dafdafadf daf dfdag dagad fdaf dafdafadf daf dfdag dagad fdaf dafdafadf daf dfdag dagad fdaf dafdafadf daf dfdag dagad fdaf dafdafadf daf dfdag dagad fdaf dafdafadf daf dfdag dagad fdaf dafdafadf daf dfdag dagad fdaf dafdafadf daf dfdag dagad fdaf dafdafadf daf dfdag dagad fdaf dafdafadf daf dfdag dagad fdaf dafdafadf daf dfdag dagad fdaf dafdafadf daf dfdag dagad fdaf dafdafadf daf dfdag dagad fdaf dafdafadf daf dfdag dagad fdaf dafdafadf daf dfdag dagad fdaf dafdafadf daf dfdag dagad fdaf dafdafadf daf dfdag dagad fdaf dafdafadf daf dfdag dagad fdaf dafdafadf daf dfdag dag</p>\r\n','<p style=\"text-align:justify\">d agdgdag fgf gfgfsgf sgsad fdaf dafdafadf daf dfdag dagad fdaf dafdafadf daf dfdag dagad fdaf dafdafadf daf dfdag dagad fdaf dafdafadf daf dfdag dagad fdaf dafdafadf daf dfdag dagad fdaf dafdafadf daf dfdag dagad fdaf dafdafadf daf dfdag dagad fdaf dafdafadf daf dfdag dagad fdaf dafdafadf daf dfdag dagad fdaf dafdafadf daf dfdag dagad fdaf dafdafadf daf dfdag dagad fdaf dafdafadf daf dfdag dagad fdaf dafdafadf daf dfdag dagad fdaf dafdafadf daf dfdag dagad fdaf dafdafadf daf dfdag dagad fdaf dafdafadf daf dfdag dagad fdaf dafdafadf daf dfdag dagad fdaf dafdafadf daf dfdag dag</p>\r\n','2016-09-30','2016-10-22'),(52,13,54,2,'mi novia hermosa','my beautiful girlfriend',10000000000,1,'<p>mi novia es una novia demasiado hermosa y la novia perfecta en el universo</p>\r\n\r\n<p>yo le doy besitos y ella me falta el respeto pero yo la amo y le hago cosquillas jajaja</p>\r\n','<p>mi novia es una novia demasiado hermosa y la novia perfecta en el universo</p>\r\n\r\n<p>yo le doy besitos y ella me falta el respeto pero yo la amo y le hago cosquillas jajaja</p>\r\n','2016-10-08','2016-10-08');
/*!40000 ALTER TABLE `items` ENABLE KEYS */;
UNLOCK TABLES;

--
-- Table structure for table `last_login`
--

DROP TABLE IF EXISTS `last_login`;
/*!40101 SET @saved_cs_client     = @@character_set_client */;
/*!40101 SET character_set_client = utf8 */;
CREATE TABLE `last_login` (
  `id` int(11) NOT NULL AUTO_INCREMENT,
  `user_id` int(11) DEFAULT NULL,
  `login` datetime DEFAULT NULL,
  `logout` datetime DEFAULT NULL,
  `created_at` date DEFAULT NULL,
  `updated_at` date DEFAULT NULL,
  PRIMARY KEY (`id`)
) ENGINE=InnoDB AUTO_INCREMENT=49 DEFAULT CHARSET=latin1;
/*!40101 SET character_set_client = @saved_cs_client */;

--
-- Dumping data for table `last_login`
--

LOCK TABLES `last_login` WRITE;
/*!40000 ALTER TABLE `last_login` DISABLE KEYS */;
INSERT INTO `last_login` VALUES (1,1,'2016-09-19 23:50:34','2016-09-19 23:51:40','2016-09-19','2016-09-19'),(2,1,'2016-09-19 23:51:57','2016-09-22 23:17:53','2016-09-19','2016-09-22'),(3,1,'2016-09-22 23:18:59',NULL,'2016-09-22','2016-09-22'),(4,1,'2016-09-22 23:22:07',NULL,'2016-09-22','2016-09-22'),(5,1,'2016-09-22 23:32:35',NULL,'2016-09-22','2016-09-22'),(6,2,'2016-10-02 14:35:24',NULL,'2016-10-02','2016-10-02'),(7,2,'2016-10-02 16:13:15',NULL,'2016-10-02','2016-10-02'),(8,2,'2016-10-02 16:30:13','2016-10-04 15:28:32','2016-10-02','2016-10-04'),(9,2,'2016-10-04 15:28:54','2016-10-08 16:30:35','2016-10-04','2016-10-08'),(10,1,'2016-10-08 16:31:14','2016-10-08 17:00:18','2016-10-08','2016-10-08'),(11,2,'2016-10-08 17:00:38','2016-10-10 23:02:01','2016-10-08','2016-10-10'),(12,2,'2016-10-10 23:09:00','2016-10-11 21:34:49','2016-10-10','2016-10-11'),(13,2,'2016-10-11 21:40:02','2016-10-11 21:46:46','2016-10-11','2016-10-11'),(14,1,'2016-10-11 21:47:03','2016-10-11 21:49:00','2016-10-11','2016-10-11'),(15,2,'2016-10-11 22:39:10','2016-10-15 17:04:39','2016-10-11','2016-10-15'),(16,2,'2016-10-15 17:40:17','2016-10-17 22:37:28','2016-10-15','2016-10-17'),(17,1,'2016-10-17 22:39:35','2016-10-18 23:44:14','2016-10-17','2016-10-18'),(18,2,'2016-10-18 23:44:55','2016-10-19 22:58:00','2016-10-18','2016-10-19'),(19,1,'2016-10-19 22:58:34','2016-10-19 23:09:45','2016-10-19','2016-10-19'),(20,1,'2016-10-19 23:10:04','2016-10-20 12:47:36','2016-10-19','2016-10-20'),(21,1,'2016-10-20 19:11:09','2016-10-20 19:42:05','2016-10-20','2016-10-20'),(22,2,'2016-10-20 19:42:15','2016-10-20 19:43:54','2016-10-20','2016-10-20'),(23,1,'2016-10-20 20:07:15','2016-10-20 23:25:56','2016-10-20','2016-10-20'),(24,2,'2016-10-20 23:26:22','2016-10-21 14:46:43','2016-10-20','2016-10-21'),(25,1,'2016-10-22 19:19:18','2016-10-22 19:19:31','2016-10-22','2016-10-22'),(26,12,'2016-10-22 19:20:06','2016-10-22 19:46:44','2016-10-22','2016-10-22'),(27,1,'2016-10-22 19:47:23','2016-10-22 20:28:05','2016-10-22','2016-10-22'),(28,2,'2016-10-22 21:03:44','2016-10-22 21:53:38','2016-10-22','2016-10-22'),(29,1,'2016-10-22 21:58:47','2016-10-22 21:59:51','2016-10-22','2016-10-22'),(30,2,'2016-10-22 22:01:12','2016-10-22 22:36:27','2016-10-22','2016-10-22'),(31,13,'2016-10-24 22:30:41','2016-10-24 22:32:14','2016-10-24','2016-10-24'),(32,2,'2016-10-24 22:38:19','2016-10-24 22:46:08','2016-10-24','2016-10-24'),(33,2,'2016-10-24 22:46:34','2016-10-24 22:51:29','2016-10-24','2016-10-24'),(34,2,'2016-10-24 22:55:50','2016-10-26 00:05:24','2016-10-24','2016-10-26'),(35,2,'2016-10-27 20:15:52','2016-10-28 14:53:53','2016-10-27','2016-10-28'),(36,1,'2016-10-28 14:54:54',NULL,'2016-10-28','2016-10-28'),(37,1,'2016-10-28 20:35:04','2016-10-29 16:28:02','2016-10-28','2016-10-29'),(38,1,'2016-10-29 16:28:42','2016-10-29 16:31:59','2016-10-29','2016-10-29'),(39,1,'2016-10-29 16:32:19','2016-10-29 18:24:40','2016-10-29','2016-10-29'),(40,3,'2016-10-29 18:26:44',NULL,'2016-10-29','2016-10-29'),(41,1,'2016-11-22 15:07:55',NULL,'2016-11-22','2016-11-22'),(42,1,'2016-11-23 14:49:14','2016-11-23 22:15:28','2016-11-23','2016-11-23'),(43,1,'2016-11-23 22:16:33',NULL,'2016-11-23','2016-11-23'),(44,1,'2016-11-29 22:23:35','2016-11-29 23:33:41','2016-11-29','2016-11-29'),(45,1,'2016-12-05 23:43:01','2016-12-05 23:44:34','2016-12-05','2016-12-05'),(46,14,'2016-12-05 23:45:58','2016-12-05 23:48:04','2016-12-05','2016-12-05'),(47,14,'2016-12-05 23:48:53','2016-12-05 23:52:47','2016-12-05','2016-12-05'),(48,1,'2016-12-06 00:05:32',NULL,'2016-12-06','2016-12-06');
/*!40000 ALTER TABLE `last_login` ENABLE KEYS */;
UNLOCK TABLES;

--
-- Table structure for table `material`
--

DROP TABLE IF EXISTS `material`;
/*!40101 SET @saved_cs_client     = @@character_set_client */;
/*!40101 SET character_set_client = utf8 */;
CREATE TABLE `material` (
  `id` int(11) NOT NULL AUTO_INCREMENT,
  `item_id` int(11) DEFAULT NULL,
  `description_es` varchar(45) DEFAULT NULL,
  `description_eng` varchar(45) DEFAULT NULL,
  `created_at` date DEFAULT NULL,
  `updated_at` date DEFAULT NULL,
  PRIMARY KEY (`id`)
) ENGINE=InnoDB AUTO_INCREMENT=153 DEFAULT CHARSET=latin1;
/*!40101 SET character_set_client = @saved_cs_client */;

--
-- Dumping data for table `material`
--

LOCK TABLES `material` WRITE;
/*!40000 ALTER TABLE `material` DISABLE KEYS */;
INSERT INTO `material` VALUES (1,1,'reiciendis','ea','1971-10-26','2002-11-21'),(2,1,'animi','dignissimos','1971-11-21','1989-08-09'),(3,1,'qui','ut','2001-06-10','1998-05-10'),(4,2,'vero','nemo','2007-11-19','1971-08-23'),(5,2,'asperiores','iste','2010-03-23','2014-09-17'),(6,2,'voluptatum','laborum','1993-11-07','1984-06-18'),(7,3,'est','est','2007-12-08','1976-12-14'),(8,3,'mollitia','maxime','2000-03-27','2007-07-28'),(9,3,'laborum','veritatis','1971-07-27','2006-05-12'),(10,4,'aut','dicta','1996-11-24','1993-08-13'),(11,4,'corrupti','ut','1998-04-15','1985-07-01'),(12,4,'aut','qui','1976-10-18','2016-01-28'),(13,5,'sint','nemo','1992-04-18','2013-02-10'),(14,5,'asperiores','rem','1978-08-09','2001-05-21'),(15,5,'et','quibusdam','1987-04-28','1980-04-29'),(16,6,'occaecati','maxime','1998-04-29','1986-10-30'),(17,6,'enim','quis','1984-02-29','1983-05-11'),(18,6,'sit','quidem','2002-01-19','2004-06-08'),(19,7,'temporibus','quos','1993-06-13','1987-02-27'),(20,7,'sunt','sit','2004-05-28','1976-06-29'),(21,7,'aliquid','reprehenderit','2014-10-22','1989-04-28'),(22,8,'magnam','commodi','1974-03-06','1996-07-31'),(23,8,'id','minus','1982-05-21','1986-04-03'),(24,8,'voluptates','veniam','1978-05-04','1987-05-15'),(25,9,'voluptatem','ut','2008-08-02','2014-07-22'),(26,9,'expedita','aut','2008-04-16','1992-06-30'),(27,9,'sed','harum','2000-07-21','1981-08-28'),(28,10,'et','consequuntur','2006-06-11','2010-06-23'),(29,10,'pariatur','veniam','1983-07-25','1997-03-18'),(30,10,'fugiat','provident','2001-07-06','1984-01-23'),(31,11,'sit','sapiente','1980-07-31','1972-06-30'),(32,11,'molestiae','hic','1980-08-10','1995-02-22'),(33,11,'in','tenetur','1986-02-02','2003-01-16'),(34,12,'nihil','doloribus','1995-02-01','2004-07-28'),(35,12,'dignissimos','beatae','1971-12-21','1980-05-15'),(36,12,'et','aut','1976-09-06','1989-03-28'),(37,13,'iusto','corrupti','1980-01-13','1993-05-21'),(38,13,'neque','rerum','2011-03-24','1979-04-26'),(39,13,'repellat','voluptatibus','1993-09-26','1992-03-24'),(40,14,'libero','alias','1992-12-05','1989-10-03'),(41,14,'et','autem','1996-05-02','1995-08-04'),(42,14,'ea','rem','1986-02-19','1977-03-19'),(43,15,'repellat','aut','1983-04-25','2007-03-11'),(44,15,'error','aut','1977-06-06','1983-11-29'),(45,15,'et','magni','2008-05-29','1996-10-12'),(46,16,'natus','ut','2007-07-16','1992-05-12'),(47,16,'quis','et','1981-11-20','2001-07-11'),(48,16,'voluptatem','repudiandae','2005-06-11','2012-07-04'),(49,17,'nam','explicabo','1997-09-02','1987-07-16'),(50,17,'velit','a','2011-09-03','1990-01-20'),(51,17,'veritatis','eligendi','1992-05-28','1985-10-20'),(52,18,'laborum','dolorum','1977-10-13','1982-12-10'),(53,18,'ea','tempore','2016-07-12','1978-04-26'),(54,18,'est','ad','1971-07-17','2011-09-24'),(55,19,'molestiae','minima','1992-06-06','1979-01-24'),(56,19,'voluptate','molestiae','1990-06-05','1984-07-23'),(57,19,'deleniti','enim','1986-06-26','1970-10-02'),(58,20,'assumenda','totam','1980-07-10','1990-01-03'),(59,20,'vel','maxime','2011-01-30','2000-02-24'),(60,20,'numquam','molestiae','1992-04-22','1971-06-04'),(61,21,'totam','minus','1974-12-01','1982-11-11'),(62,21,'debitis','possimus','2006-10-24','2000-05-06'),(63,21,'quia','et','1983-06-23','2007-02-03'),(64,22,'rerum','deleniti','1990-01-03','1996-08-29'),(65,22,'explicabo','libero','2012-08-03','1987-03-30'),(66,22,'quia','in','1987-08-08','1975-11-16'),(67,23,'sit','magni','1999-04-02','2003-09-22'),(68,23,'hic','quis','2000-06-06','2000-08-26'),(69,23,'esse','nihil','2000-11-18','1983-09-03'),(70,24,'ullam','et','2011-10-18','2009-02-19'),(71,24,'voluptatem','ea','1993-02-08','2000-03-25'),(72,24,'reiciendis','tempora','2016-06-17','2004-12-11'),(73,25,'molestiae','qui','1975-12-31','2002-03-23'),(74,25,'quia','minus','2012-05-03','1972-06-11'),(75,25,'soluta','placeat','2005-02-04','2009-11-29'),(76,26,'doloremque','unde','1979-12-18','1991-12-30'),(77,26,'et','et','1988-03-21','2003-02-06'),(78,26,'ullam','aliquid','1979-04-04','2002-08-23'),(79,27,'dolores','omnis','1994-10-25','2006-01-10'),(80,27,'voluptas','molestias','1986-12-16','1997-01-15'),(81,27,'adipisci','eum','1975-01-26','1975-07-11'),(82,28,'quam','aut','2010-12-03','1999-08-11'),(83,28,'nesciunt','et','1971-11-21','1983-05-10'),(84,28,'in','voluptatem','2016-09-28','1986-07-27'),(85,29,'deleniti','nihil','1974-11-08','1975-12-25'),(86,29,'dolores','voluptates','1995-04-12','2011-06-12'),(87,29,'unde','dolor','2009-07-22','1977-07-21'),(88,30,'totam','odio','2004-10-28','1982-08-18'),(89,30,'dicta','iure','1973-01-23','1975-09-16'),(90,30,'excepturi','optio','2012-09-05','2011-12-18'),(91,31,'possimus','exercitationem','1975-11-16','1977-09-10'),(92,31,'sapiente','eos','1970-02-17','1991-01-25'),(93,31,'blanditiis','iure','2004-05-20','2014-04-29'),(94,32,'repudiandae','rerum','1977-07-24','1977-10-07'),(95,32,'quae','dolorum','2015-02-24','1981-10-26'),(96,32,'sequi','occaecati','2001-09-25','2008-10-01'),(97,33,'officiis','sequi','1978-11-22','1990-07-05'),(98,33,'accusamus','consectetur','2012-02-22','1985-02-12'),(99,33,'et','delectus','2001-12-10','1972-07-27'),(100,34,'maxime','aut','2004-03-11','2005-07-17'),(101,34,'voluptatum','error','1977-01-26','1998-09-12'),(102,34,'ipsum','et','1983-06-25','2013-04-20'),(103,35,'autem','esse','1977-10-20','1975-09-28'),(104,35,'id','dolorum','1986-06-05','2003-05-03'),(105,35,'tempore','inventore','1988-09-01','1994-10-25'),(106,36,'ex','provident','2000-01-02','2012-03-17'),(107,36,'ipsum','sunt','1995-01-19','1977-05-30'),(108,36,'sed','iste','1974-04-16','2013-04-15'),(109,37,'ut','officiis','2001-11-30','1995-09-02'),(110,37,'illo','quae','2012-02-14','1978-02-13'),(111,37,'nobis','odit','1978-12-02','1971-08-04'),(112,38,'modi','dolores','1979-06-16','1995-10-10'),(113,38,'suscipit','sapiente','1986-03-11','1984-09-02'),(114,38,'debitis','blanditiis','2010-05-22','1972-03-20'),(115,39,'cupiditate','commodi','1999-03-17','1996-09-08'),(116,39,'et','quasi','2008-07-08','1974-07-12'),(117,39,'voluptas','expedita','1991-02-10','2015-11-29'),(118,40,'quia','voluptatum','2003-04-20','1997-09-05'),(119,40,'ut','ad','2014-04-30','2014-11-21'),(120,40,'nam','exercitationem','2004-04-11','1975-05-05'),(121,41,'quia','recusandae','1975-11-25','1972-02-28'),(122,41,'quia','sed','1990-10-02','1981-03-16'),(123,41,'repellendus','et','1975-02-26','1987-09-29'),(124,42,'laboriosam','quae','2003-03-16','1996-09-10'),(125,42,'corporis','rerum','1989-11-19','1997-02-13'),(126,42,'quibusdam','voluptatibus','2015-06-02','1979-05-15'),(127,43,'molestiae','aut','1984-02-15','2003-03-12'),(128,43,'sunt','harum','1985-09-12','2003-11-09'),(129,43,'debitis','et','1991-03-18','2007-05-16'),(130,44,'eaque','excepturi','1975-05-17','1991-04-03'),(131,44,'deleniti','quas','2013-12-27','1998-05-01'),(132,44,'pariatur','consequatur','1972-11-29','1980-01-29'),(133,45,'voluptatem','molestiae','2014-08-09','2005-10-24'),(134,45,'ea','nam','1984-05-30','2001-08-18'),(135,45,'dolores','assumenda','1980-03-31','1971-09-02'),(136,46,'similique','quisquam','1988-08-04','1982-11-07'),(137,46,'officia','itaque','2008-05-21','2007-10-28'),(138,46,'magnam','laborum','1990-04-08','2014-02-01'),(139,47,'assumenda','quae','2005-02-27','1971-01-08'),(140,47,'amet','officiis','2006-05-26','1975-03-04'),(141,47,'quia','magni','1983-11-28','2012-07-30'),(142,48,'assumenda','est','1986-10-04','1987-08-25'),(143,48,'consectetur','eaque','1973-02-23','1991-02-26'),(144,48,'dolorem','veritatis','1981-02-22','1981-02-19'),(145,49,'minus','recusandae','1998-12-01','1986-12-25'),(146,49,'a','error','2006-03-10','1985-05-18'),(147,49,'sit','voluptas','1998-12-21','1972-10-25'),(148,50,'qui','voluptas','1995-08-13','2005-03-10'),(149,50,'recusandae','voluptates','2002-03-14','1991-06-22'),(150,50,'vero','ea','1979-08-10','1981-08-15'),(151,51,'algodon','synthetic','2016-09-30','2016-09-30'),(152,52,'cosas bonitas','beautiful things','2016-10-08','2016-10-08');
/*!40000 ALTER TABLE `material` ENABLE KEYS */;
UNLOCK TABLES;

--
-- Table structure for table `migrations`
--

DROP TABLE IF EXISTS `migrations`;
/*!40101 SET @saved_cs_client     = @@character_set_client */;
/*!40101 SET character_set_client = utf8 */;
CREATE TABLE `migrations` (
  `migration` varchar(255) COLLATE utf8_unicode_ci NOT NULL,
  `batch` int(11) NOT NULL
) ENGINE=InnoDB DEFAULT CHARSET=utf8 COLLATE=utf8_unicode_ci;
/*!40101 SET character_set_client = @saved_cs_client */;

--
-- Dumping data for table `migrations`
--

LOCK TABLES `migrations` WRITE;
/*!40000 ALTER TABLE `migrations` DISABLE KEYS */;
INSERT INTO `migrations` VALUES ('2014_01_07_073615_create_tagged_table',1),('2014_01_07_073615_create_tags_table',1);
/*!40000 ALTER TABLE `migrations` ENABLE KEYS */;
UNLOCK TABLES;

--
-- Table structure for table `offert_items`
--

DROP TABLE IF EXISTS `offert_items`;
/*!40101 SET @saved_cs_client     = @@character_set_client */;
/*!40101 SET character_set_client = utf8 */;
CREATE TABLE `offert_items` (
  `id` int(11) NOT NULL AUTO_INCREMENT,
  `offert_id` int(11) DEFAULT NULL,
  `item_id` int(11) DEFAULT NULL,
  `created_at` date DEFAULT NULL,
  `updated_at` date DEFAULT NULL,
  PRIMARY KEY (`id`)
) ENGINE=InnoDB AUTO_INCREMENT=20 DEFAULT CHARSET=latin1;
/*!40101 SET character_set_client = @saved_cs_client */;

--
-- Dumping data for table `offert_items`
--

LOCK TABLES `offert_items` WRITE;
/*!40000 ALTER TABLE `offert_items` DISABLE KEYS */;
INSERT INTO `offert_items` VALUES (5,2,1,'2016-11-29','2016-11-29'),(6,2,2,'2016-11-29','2016-11-29'),(7,2,3,'2016-11-29','2016-11-29'),(8,2,4,'2016-11-29','2016-11-29'),(9,2,5,'2016-11-29','2016-11-29'),(10,2,6,'2016-11-29','2016-11-29'),(11,2,7,'2016-11-29','2016-11-29'),(12,3,9,'2016-11-29','2016-11-29'),(13,3,10,'2016-11-29','2016-11-29'),(14,3,11,'2016-11-29','2016-11-29'),(15,3,15,'2016-11-29','2016-11-29'),(19,2,52,NULL,NULL);
/*!40000 ALTER TABLE `offert_items` ENABLE KEYS */;
UNLOCK TABLES;

--
-- Table structure for table `offerts`
--

DROP TABLE IF EXISTS `offerts`;
/*!40101 SET @saved_cs_client     = @@character_set_client */;
/*!40101 SET character_set_client = utf8 */;
CREATE TABLE `offerts` (
  `id` int(11) NOT NULL AUTO_INCREMENT,
  `title_es` varchar(100) DEFAULT NULL,
  `title_eng` varchar(100) DEFAULT NULL,
  `subtitle_es` varchar(100) DEFAULT NULL,
  `subtitle_eng` varchar(100) DEFAULT NULL,
  `percent` int(11) DEFAULT NULL,
  `created_at` date DEFAULT NULL,
  `updated_at` date DEFAULT NULL,
  PRIMARY KEY (`id`)
) ENGINE=InnoDB AUTO_INCREMENT=4 DEFAULT CHARSET=latin1;
/*!40101 SET character_set_client = @saved_cs_client */;

--
-- Dumping data for table `offerts`
--

LOCK TABLES `offerts` WRITE;
/*!40000 ALTER TABLE `offerts` DISABLE KEYS */;
INSERT INTO `offerts` VALUES (2,'Oferta de Verano','Summer sales','','',30,'2016-11-29','2016-11-29'),(3,'Ofertas de Otoño','Fall sales','','esto',25,'2016-11-29','2016-11-29');
/*!40000 ALTER TABLE `offerts` ENABLE KEYS */;
UNLOCK TABLES;

--
-- Table structure for table `payments`
--

DROP TABLE IF EXISTS `payments`;
/*!40101 SET @saved_cs_client     = @@character_set_client */;
/*!40101 SET character_set_client = utf8 */;
CREATE TABLE `payments` (
  `id` int(11) NOT NULL AUTO_INCREMENT,
  `factura_id` int(11) DEFAULT NULL,
  `reference_number` varchar(100) DEFAULT NULL,
  `transaction_method` varchar(45) DEFAULT NULL,
  `shop_bank` varchar(100) DEFAULT NULL,
  `user_bank` varchar(100) DEFAULT NULL,
  `transaction_date` date DEFAULT NULL,
  `created_at` date DEFAULT NULL,
  `updated_at` date DEFAULT NULL,
  PRIMARY KEY (`id`)
) ENGINE=InnoDB AUTO_INCREMENT=7 DEFAULT CHARSET=latin1;
/*!40101 SET character_set_client = @saved_cs_client */;

--
-- Dumping data for table `payments`
--

LOCK TABLES `payments` WRITE;
/*!40000 ALTER TABLE `payments` DISABLE KEYS */;
INSERT INTO `payments` VALUES (3,3,'432234','deposito','1',NULL,'2016-10-11','2016-10-18','2016-10-18'),(4,9,'123654','deposito','1',NULL,'2016-10-22','2016-10-22','2016-10-22'),(5,2,'34344','deposito','1',NULL,'2016-10-05','2016-10-22','2016-10-22'),(6,10,'353545425425','transferencia','1','1','2016-12-01','2016-12-05','2016-12-05');
/*!40000 ALTER TABLE `payments` ENABLE KEYS */;
UNLOCK TABLES;

--
-- Table structure for table `roles`
--

DROP TABLE IF EXISTS `roles`;
/*!40101 SET @saved_cs_client     = @@character_set_client */;
/*!40101 SET character_set_client = utf8 */;
CREATE TABLE `roles` (
  `id` int(11) NOT NULL,
  `description` varchar(10) DEFAULT NULL,
  `created_at` date DEFAULT NULL,
  `updated_at` date DEFAULT NULL,
  PRIMARY KEY (`id`)
) ENGINE=InnoDB DEFAULT CHARSET=latin1;
/*!40101 SET character_set_client = @saved_cs_client */;

--
-- Dumping data for table `roles`
--

LOCK TABLES `roles` WRITE;
/*!40000 ALTER TABLE `roles` DISABLE KEYS */;
INSERT INTO `roles` VALUES (1,'usuario',NULL,NULL),(2,'otro',NULL,NULL),(3,'administra',NULL,NULL);
/*!40000 ALTER TABLE `roles` ENABLE KEYS */;
UNLOCK TABLES;

--
-- Table structure for table `shipping_address`
--

DROP TABLE IF EXISTS `shipping_address`;
/*!40101 SET @saved_cs_client     = @@character_set_client */;
/*!40101 SET character_set_client = utf8 */;
CREATE TABLE `shipping_address` (
  `id` int(11) NOT NULL AUTO_INCREMENT,
  `user_id` int(11) DEFAULT NULL,
  `address` text,
  `is_default` int(11) DEFAULT '0',
  `created_at` date DEFAULT NULL,
  `updated_at` date DEFAULT NULL,
  PRIMARY KEY (`id`)
) ENGINE=InnoDB AUTO_INCREMENT=7 DEFAULT CHARSET=latin1;
/*!40101 SET character_set_client = @saved_cs_client */;

--
-- Dumping data for table `shipping_address`
--

LOCK TABLES `shipping_address` WRITE;
/*!40000 ALTER TABLE `shipping_address` DISABLE KEYS */;
INSERT INTO `shipping_address` VALUES (1,2,'cagua',0,'2016-10-05','2016-10-05'),(4,2,'co;o e la madre',1,'2016-10-05','2016-10-08'),(5,2,'lalo',1,'2016-10-24','2016-10-24'),(6,2,'lalo',1,'2016-10-24','2016-10-24');
/*!40000 ALTER TABLE `shipping_address` ENABLE KEYS */;
UNLOCK TABLES;

--
-- Table structure for table `sub_categorias`
--

DROP TABLE IF EXISTS `sub_categorias`;
/*!40101 SET @saved_cs_client     = @@character_set_client */;
/*!40101 SET character_set_client = utf8 */;
CREATE TABLE `sub_categorias` (
  `id` int(11) NOT NULL AUTO_INCREMENT,
  `cat_id` int(11) DEFAULT NULL,
  `description_es` varchar(50) DEFAULT NULL,
  `description_eng` varchar(50) DEFAULT NULL,
  `menu_active` int(11) DEFAULT '0',
  `created_at` date DEFAULT NULL,
  `updated_at` date DEFAULT NULL,
  PRIMARY KEY (`id`)
) ENGINE=InnoDB AUTO_INCREMENT=71 DEFAULT CHARSET=utf8;
/*!40101 SET character_set_client = @saved_cs_client */;

--
-- Dumping data for table `sub_categorias`
--

LOCK TABLES `sub_categorias` WRITE;
/*!40000 ALTER TABLE `sub_categorias` DISABLE KEYS */;
INSERT INTO `sub_categorias` VALUES (20,8,'camisa','shirt',1,'2016-09-20','2016-09-28'),(21,9,'Dolorum ','Rem exercitationem ',1,'2015-09-16','2016-09-28'),(22,9,'Tempora ','Dolorem iste ',1,'1978-12-29','2016-09-28'),(23,9,'Occaecati ','Eos ut in non.',1,'2009-08-10','2016-09-28'),(24,10,'Illo iste ','Suscipit et ',0,'2013-04-17','2016-09-28'),(25,10,'Illo nostrum.','Neque itaque ',1,'2012-02-19','2016-09-28'),(26,10,'Molestiae','Voluptatum ',1,'1974-02-20','2016-09-28'),(27,10,'Fuga cupiditate','Facilis nobis ',0,'2009-08-05','2016-09-28'),(28,10,'Fugit est ut ','Rerum itaque ',0,'1986-01-24','2016-09-28'),(29,10,'Voluptas ','Ea consectetur ',1,'2004-11-14','2016-09-28'),(30,10,'Fuga illo.','Quibusdam fugit ',0,'1988-06-04','2016-09-28'),(31,11,'Fugit autem ','Voluptas cum sint ',1,'1999-07-02','2016-09-28'),(32,11,'Esse ipsa','Quaerat aut ',0,'2012-01-15','2005-06-07'),(33,11,'Est voluptatum ','Deserunt et ',0,'1970-08-03','2014-09-03'),(34,11,'Earum suscipit ','Placeat optio ',0,'2016-06-24','2012-04-30'),(35,11,'Ab et.','Modi sit enim ',0,'1993-08-25','1984-08-23'),(36,11,'Totam ','Quis ipsa laborum ex ',0,'1979-08-05','1990-10-24'),(37,11,'Expedita ','Possimus ut nobis.',0,'1975-08-14','1990-03-27'),(38,11,'Eveniet reiciendis ','Quos odio saepe nobis.',0,'2016-02-09','2000-08-04'),(39,11,'Enim cupiditate ','Voluptas ',0,'2004-11-06','1977-01-26'),(40,11,'Quia commodi ','Quaerat culpa ',0,'1982-04-23','2006-03-15'),(41,12,'Quia quia ','Quidem aut ',0,'1999-04-19','1993-04-06'),(42,12,'Doloribus aperiam ','Aut quos ',0,'1992-06-02','2002-03-18'),(43,12,'Consequatur corporis ','Maiores quisquam.',0,'2008-05-14','2003-10-09'),(44,12,'Sunt ut fugiat.','Mollitia aut a ',0,'2011-08-26','1981-11-30'),(45,12,'Est magni ','Quod sint ',0,'1973-08-09','2003-04-14'),(46,12,'Recusandae ','Quia.',0,'2007-12-01','1974-09-17'),(47,12,'Ut est odit.','Vel voluptas ',0,'1997-12-17','2015-12-23'),(48,12,'Dolores ','Alias asperiores ',0,'1984-07-24','1992-12-08'),(49,12,'Aut aut at ','Quas ',0,'1983-12-27','1980-08-05'),(50,12,'Illo provident ','Voluptatibus ',0,'1988-12-16','1997-05-06'),(51,13,'Alias veritatis ut.','Consequatur ',0,'1971-03-11','2014-06-16'),(52,13,'Quae totam ','Quia voluptatem ',0,'1971-08-11','1972-01-29'),(53,13,'Et nam ','Dolore.',0,'2016-05-06','2000-02-27'),(54,13,'Nulla in rem','Similique ex iure.',0,'1998-10-11','1986-08-25'),(55,13,'Voluptates ','Accusamus ',0,'1975-10-10','2000-08-03'),(56,13,'Perferendis qui et.','Velit non ',0,'2011-08-09','1992-05-23'),(57,13,'Dolores nisi.','Quia officia ',0,'2013-03-31','1974-10-06'),(58,13,'Autem ','Inventore.',0,'1985-10-22','1996-09-07'),(59,13,'Dolorum.','Sapiente omnis.',0,'2013-02-07','1970-10-05'),(60,13,'Voluptatem ','Vel fugiat ',0,'1972-09-23','1972-03-17'),(61,14,'Autem ','Consectetur ',0,'2016-01-05','2016-05-24'),(62,14,'Autem ','Quia a quia ',0,'2008-01-26','1970-01-04'),(63,14,'Alias optio.','Iste sed ipsa nemo ut.',0,'1982-06-12','2002-05-15'),(64,14,'Quaerat ut sed.','Sit asperiores ',0,'2009-03-05','1990-12-06'),(65,14,'Iusto animi','Laboriosam corrupti ',0,'1994-08-08','1974-01-16'),(66,14,'Repellat ','Non voluptas in ',0,'1974-08-15','2008-01-26'),(67,14,'Earum inventore quidem.','Exercitationem ',0,'2007-10-10','2013-06-19'),(68,14,'Expedita aut ','Non aliquam ',0,'1981-12-28','1980-07-03'),(69,14,'Laudantium et voluptas ','Consequuntur ',0,'1970-03-01','1984-03-21'),(70,14,'Itaque dolore voluptatem.','Ut est.',0,'1986-12-28','2001-11-26');
/*!40000 ALTER TABLE `sub_categorias` ENABLE KEYS */;
UNLOCK TABLES;

--
-- Table structure for table `tagging_tagged`
--

DROP TABLE IF EXISTS `tagging_tagged`;
/*!40101 SET @saved_cs_client     = @@character_set_client */;
/*!40101 SET character_set_client = utf8 */;
CREATE TABLE `tagging_tagged` (
  `id` int(10) unsigned NOT NULL AUTO_INCREMENT,
  `taggable_id` varchar(36) COLLATE utf8_unicode_ci NOT NULL,
  `taggable_type` varchar(255) COLLATE utf8_unicode_ci NOT NULL,
  `tag_name` varchar(255) COLLATE utf8_unicode_ci NOT NULL,
  `tag_slug` varchar(255) COLLATE utf8_unicode_ci NOT NULL,
  PRIMARY KEY (`id`),
  KEY `tagging_tagged_taggable_id_index` (`taggable_id`),
  KEY `tagging_tagged_taggable_type_index` (`taggable_type`),
  KEY `tagging_tagged_tag_slug_index` (`tag_slug`)
) ENGINE=InnoDB AUTO_INCREMENT=36 DEFAULT CHARSET=utf8 COLLATE=utf8_unicode_ci;
/*!40101 SET character_set_client = @saved_cs_client */;

--
-- Dumping data for table `tagging_tagged`
--

LOCK TABLES `tagging_tagged` WRITE;
/*!40000 ALTER TABLE `tagging_tagged` DISABLE KEYS */;
INSERT INTO `tagging_tagged` VALUES (1,'50','Item','Gardening','gardening'),(2,'51','Item','Holis.es','holis-es'),(3,'51','Item','Mira.es','mira-es'),(4,'51','Item','Que.es','que-es'),(6,'51','Item','En.es','en-es'),(7,'51','Item','Espa;ol.es','espa-ol-es'),(8,'51','Item','Holis.eng','holis-eng'),(9,'51','Item','Mira.eng','mira-eng'),(10,'51','Item','Que.eng','que-eng'),(12,'51','Item','En.eng','en-eng'),(13,'51','Item','Ingles.eng','ingles-eng'),(14,'51','Item','Feito.es','feito-es'),(15,'51','Item','Lalala.es','lalala-es'),(16,'51','Item','Nuevo.es','nuevo-es'),(17,'51','Item','Feito.eng','feito-eng'),(18,'51','Item','Lalala.eng','lalala-eng'),(19,'51','Item','Nuevo.eng','nuevo-eng'),(20,'52','Item','Mi.es','mi-es'),(21,'52','Item','Novia.es','novia-es'),(22,'52','Item','Es.es','es-es'),(23,'52','Item','Muy.es','muy-es'),(24,'52','Item','Hermosa.es','hermosa-es'),(25,'52','Item','Wiiii.es','wiiii-es'),(26,'52','Item','Q.es','q-es'),(27,'52','Item','Fino.es','fino-es'),(28,'52','Item','Mi.eng','mi-eng'),(29,'52','Item','Novia.eng','novia-eng'),(30,'52','Item','Es.eng','es-eng'),(31,'52','Item','Muy.eng','muy-eng'),(32,'52','Item','Hermosa.eng','hermosa-eng'),(33,'52','Item','Wiii.eng','wiii-eng'),(34,'52','Item','Q.eng','q-eng'),(35,'52','Item','Fino.eng','fino-eng');
/*!40000 ALTER TABLE `tagging_tagged` ENABLE KEYS */;
UNLOCK TABLES;

--
-- Table structure for table `tagging_tags`
--

DROP TABLE IF EXISTS `tagging_tags`;
/*!40101 SET @saved_cs_client     = @@character_set_client */;
/*!40101 SET character_set_client = utf8 */;
CREATE TABLE `tagging_tags` (
  `id` int(10) unsigned NOT NULL AUTO_INCREMENT,
  `slug` varchar(255) COLLATE utf8_unicode_ci NOT NULL,
  `name` varchar(255) COLLATE utf8_unicode_ci NOT NULL,
  `suggest` tinyint(1) NOT NULL DEFAULT '0',
  `count` int(10) unsigned NOT NULL DEFAULT '0',
  PRIMARY KEY (`id`),
  KEY `tagging_tags_slug_index` (`slug`)
) ENGINE=InnoDB AUTO_INCREMENT=36 DEFAULT CHARSET=utf8 COLLATE=utf8_unicode_ci;
/*!40101 SET character_set_client = @saved_cs_client */;

--
-- Dumping data for table `tagging_tags`
--

LOCK TABLES `tagging_tags` WRITE;
/*!40000 ALTER TABLE `tagging_tags` DISABLE KEYS */;
INSERT INTO `tagging_tags` VALUES (1,'gardening','Gardening',0,1),(2,'holis-es','Holis.es',0,1),(3,'mira-es','Mira.es',0,1),(4,'que-es','Que.es',0,1),(5,'bonito-es','Bonito.es',0,0),(6,'en-es','En.es',0,1),(7,'espa-ol-es','Espa;ol.es',0,1),(8,'holis-eng','Holis.eng',0,1),(9,'mira-eng','Mira.eng',0,1),(10,'que-eng','Que.eng',0,1),(11,'bonit-eng','Bonit.eng',0,0),(12,'en-eng','En.eng',0,1),(13,'ingles-eng','Ingles.eng',0,1),(14,'feito-es','Feito.es',0,1),(15,'lalala-es','Lalala.es',0,1),(16,'nuevo-es','Nuevo.es',0,1),(17,'feito-eng','Feito.eng',0,1),(18,'lalala-eng','Lalala.eng',0,1),(19,'nuevo-eng','Nuevo.eng',0,1),(20,'mi-es','Mi.es',0,1),(21,'novia-es','Novia.es',0,1),(22,'es-es','Es.es',0,1),(23,'muy-es','Muy.es',0,1),(24,'hermosa-es','Hermosa.es',0,1),(25,'wiiii-es','Wiiii.es',0,1),(26,'q-es','Q.es',0,1),(27,'fino-es','Fino.es',0,1),(28,'mi-eng','Mi.eng',0,1),(29,'novia-eng','Novia.eng',0,1),(30,'es-eng','Es.eng',0,1),(31,'muy-eng','Muy.eng',0,1),(32,'hermosa-eng','Hermosa.eng',0,1),(33,'wiii-eng','Wiii.eng',0,1),(34,'q-eng','Q.eng',0,1),(35,'fino-eng','Fino.eng',0,1);
/*!40000 ALTER TABLE `tagging_tags` ENABLE KEYS */;
UNLOCK TABLES;

--
-- Table structure for table `tallas`
--

DROP TABLE IF EXISTS `tallas`;
/*!40101 SET @saved_cs_client     = @@character_set_client */;
/*!40101 SET character_set_client = utf8 */;
CREATE TABLE `tallas` (
  `id` int(11) NOT NULL AUTO_INCREMENT,
  `item_id` int(11) DEFAULT NULL,
  `description_es` varchar(45) DEFAULT NULL,
  `description_eng` varchar(45) DEFAULT NULL,
  `created_at` date DEFAULT NULL,
  `updated_at` date DEFAULT NULL,
  PRIMARY KEY (`id`)
) ENGINE=InnoDB AUTO_INCREMENT=155 DEFAULT CHARSET=latin1;
/*!40101 SET character_set_client = @saved_cs_client */;

--
-- Dumping data for table `tallas`
--

LOCK TABLES `tallas` WRITE;
/*!40000 ALTER TABLE `tallas` DISABLE KEYS */;
INSERT INTO `tallas` VALUES (1,1,'molestias','error','1988-04-18','1972-03-17'),(2,1,'animi','nulla','1985-11-06','2009-05-30'),(3,1,'dolor','sed','1977-10-23','2006-04-28'),(4,2,'quis','labore','1980-10-16','1993-08-24'),(5,2,'ut','magnam','2014-03-04','2006-02-19'),(6,2,'et','quia','2000-01-12','1973-07-06'),(7,3,'recusandae','dolorem','2014-03-23','2006-05-04'),(8,3,'vel','ipsum','1973-05-11','1974-04-12'),(9,3,'sed','nobis','1973-05-16','1997-09-11'),(10,4,'ut','alias','1995-06-08','1994-02-17'),(11,4,'ab','praesentium','2013-08-23','2014-06-15'),(12,4,'minus','suscipit','2013-10-01','2011-05-02'),(13,5,'non','officiis','1990-04-06','2004-07-08'),(14,5,'saepe','quis','2000-12-27','1994-12-26'),(15,5,'quis','minima','1974-08-23','1977-10-03'),(16,6,'quia','maxime','2002-06-27','1982-05-30'),(17,6,'assumenda','dicta','1986-01-28','1979-03-25'),(18,6,'rerum','rerum','2010-04-12','2002-03-21'),(19,7,'mollitia','cupiditate','1974-09-05','1978-04-22'),(20,7,'voluptatem','eum','1994-08-18','1992-09-28'),(21,7,'quasi','est','1970-11-29','2013-05-28'),(22,8,'magnam','vel','1975-10-17','1971-11-23'),(23,8,'eius','iure','1972-01-25','1995-09-20'),(24,8,'quas','dolorum','1985-12-24','1976-09-11'),(25,9,'amet','soluta','2012-01-16','1985-03-10'),(26,9,'praesentium','omnis','1987-09-13','1979-11-10'),(27,9,'et','incidunt','1972-12-04','1983-02-10'),(28,10,'asperiores','ipsa','2007-04-18','1980-03-09'),(29,10,'velit','est','1996-01-29','1974-04-08'),(30,10,'velit','illum','2005-11-22','1978-08-01'),(31,11,'eum','pariatur','1992-07-12','1995-02-21'),(32,11,'molestias','vitae','1991-12-20','1970-05-22'),(33,11,'itaque','nihil','2005-07-15','1976-01-29'),(34,12,'porro','aperiam','2015-02-21','1994-05-03'),(35,12,'adipisci','quis','2006-01-29','1981-08-01'),(36,12,'repellendus','qui','2013-06-15','2003-12-10'),(37,13,'quod','qui','2007-04-02','1992-08-28'),(38,13,'modi','corrupti','1983-06-20','1993-07-31'),(39,13,'commodi','aut','2016-05-13','1977-03-03'),(40,14,'voluptatem','perferendis','1972-12-17','1987-09-22'),(41,14,'ea','provident','2009-08-25','2009-01-20'),(42,14,'tempore','provident','2011-01-09','1979-07-05'),(43,15,'voluptatem','qui','1989-09-09','2007-06-18'),(44,15,'amet','et','1984-01-19','2013-06-16'),(45,15,'voluptatibus','consectetur','1974-09-21','2014-05-12'),(46,16,'reprehenderit','in','1987-01-20','1997-02-26'),(47,16,'consequatur','dolores','1999-02-20','2010-10-09'),(48,16,'ab','qui','1990-01-13','1994-08-15'),(49,17,'ut','ullam','2011-08-04','1970-07-08'),(50,17,'quaerat','consequatur','1985-10-13','1998-10-11'),(51,17,'quis','exercitationem','1976-06-27','2015-12-26'),(52,18,'autem','doloribus','2005-08-08','1995-10-20'),(53,18,'omnis','voluptatum','2003-01-16','1982-06-04'),(54,18,'dolorem','velit','1982-04-16','2012-10-09'),(55,19,'id','temporibus','1996-04-30','1993-02-08'),(56,19,'veniam','tempora','2014-04-10','1992-09-05'),(57,19,'commodi','ad','1986-11-01','2002-07-12'),(58,20,'et','quae','1988-11-20','1994-05-01'),(59,20,'fugiat','animi','1996-01-04','1985-05-09'),(60,20,'et','et','1978-12-28','1972-08-14'),(61,21,'nihil','et','2000-11-16','1980-11-18'),(62,21,'sit','est','1978-02-11','1985-11-01'),(63,21,'pariatur','voluptatum','2000-09-10','2004-02-12'),(64,22,'inventore','blanditiis','1980-03-24','1970-03-07'),(65,22,'labore','placeat','1978-05-09','2005-05-03'),(66,22,'dolores','labore','2011-11-20','1980-01-03'),(67,23,'dolores','eos','1983-03-27','1980-05-14'),(68,23,'harum','molestiae','2014-12-23','1974-09-11'),(69,23,'commodi','voluptates','1988-04-14','1981-01-30'),(70,24,'qui','sed','1972-10-16','1974-03-19'),(71,24,'eos','atque','1992-04-01','1983-10-29'),(72,24,'est','delectus','1999-10-15','1995-02-24'),(73,25,'voluptatem','est','2006-09-29','1995-05-09'),(74,25,'ad','repellendus','1997-01-03','2011-12-30'),(75,25,'voluptatem','et','2014-05-09','2006-06-10'),(76,26,'a','et','1979-12-06','2003-11-20'),(77,26,'quibusdam','laudantium','1993-03-06','1987-05-21'),(78,26,'possimus','amet','1977-08-11','2012-03-07'),(79,27,'voluptatem','expedita','1976-07-12','2015-09-23'),(80,27,'qui','qui','1998-01-30','2004-04-04'),(81,27,'qui','optio','1970-08-26','1989-03-30'),(82,28,'eum','qui','1985-02-01','1977-09-09'),(83,28,'architecto','exercitationem','2014-09-10','1981-11-24'),(84,28,'animi','sit','2001-08-03','1980-10-19'),(85,29,'nihil','sit','1983-11-04','1998-12-21'),(86,29,'et','voluptate','1978-11-19','2007-06-06'),(87,29,'non','dicta','1979-04-24','2016-09-05'),(88,30,'aut','velit','1972-05-17','1994-01-30'),(89,30,'velit','veniam','1977-12-09','1991-05-14'),(90,30,'quis','quis','2004-12-19','1997-07-23'),(91,31,'ut','velit','1994-03-08','1989-02-26'),(92,31,'culpa','consequatur','1978-09-11','2009-07-02'),(93,31,'porro','expedita','1991-12-09','1996-11-19'),(94,32,'earum','esse','1998-08-21','2014-07-27'),(95,32,'qui','non','2008-05-27','2012-04-17'),(96,32,'cumque','ut','2010-09-04','1986-07-21'),(97,33,'totam','vitae','1972-09-12','1995-09-01'),(98,33,'placeat','ipsam','1988-11-15','1984-02-25'),(99,33,'sapiente','magni','2001-05-06','1973-06-02'),(100,34,'dolores','est','2014-11-06','1985-11-23'),(101,34,'incidunt','et','2007-06-12','2002-02-03'),(102,34,'voluptate','doloremque','1988-09-28','2013-05-18'),(103,35,'autem','libero','1988-04-02','2011-12-30'),(104,35,'earum','eligendi','2009-06-14','1972-03-09'),(105,35,'culpa','soluta','2001-07-27','1984-04-07'),(106,36,'et','aut','1997-07-19','2009-01-17'),(107,36,'voluptates','corrupti','2006-10-11','2006-03-20'),(108,36,'saepe','libero','1988-09-28','2014-06-14'),(109,37,'aut','eum','1983-09-23','1981-09-03'),(110,37,'quae','necessitatibus','1973-01-20','2008-02-04'),(111,37,'culpa','maiores','1970-01-06','1989-04-22'),(112,38,'asperiores','molestiae','1991-09-16','1979-01-04'),(113,38,'dolorem','non','2004-02-07','2000-10-08'),(114,38,'sit','distinctio','2014-10-01','2010-07-04'),(115,39,'voluptas','illo','1999-10-16','1996-10-27'),(116,39,'voluptatem','est','1996-01-21','1998-08-27'),(117,39,'quos','quaerat','1993-01-24','1991-05-15'),(118,40,'eum','sit','2002-11-13','2012-01-25'),(119,40,'animi','placeat','1999-11-02','2003-03-19'),(120,40,'quam','et','2005-11-19','2009-04-14'),(121,41,'non','non','1994-11-30','2002-06-09'),(122,41,'impedit','maiores','2003-09-09','2004-03-11'),(123,41,'veritatis','quasi','1980-11-18','1975-08-27'),(124,42,'quibusdam','officiis','1986-04-05','1982-05-24'),(125,42,'nesciunt','eius','1986-01-04','2001-11-10'),(126,42,'similique','quia','1984-07-21','1996-02-29'),(127,43,'ex','doloremque','1989-10-02','1978-11-18'),(128,43,'tempore','quos','2000-11-23','2003-08-16'),(129,43,'doloremque','occaecati','1985-06-22','1995-07-27'),(130,44,'cupiditate','sit','1979-11-01','1970-10-23'),(131,44,'sequi','natus','1979-06-18','2007-09-07'),(132,44,'in','rerum','2007-01-15','1995-10-24'),(133,45,'quis','quia','2009-07-25','1986-10-14'),(134,45,'quod','enim','1974-10-29','2010-05-31'),(135,45,'suscipit','qui','1991-06-20','2009-07-06'),(136,46,'ducimus','officiis','1975-05-04','1999-07-26'),(137,46,'reprehenderit','harum','2015-07-23','1986-07-31'),(138,46,'qui','voluptas','1995-06-15','1978-08-10'),(139,47,'excepturi','placeat','1976-03-27','1980-06-05'),(140,47,'nobis','possimus','1983-05-12','1973-12-23'),(141,47,'qui','hic','1970-12-01','2014-12-13'),(142,48,'ullam','voluptatem','2007-09-20','1982-06-27'),(143,48,'sint','et','1981-05-03','2004-12-14'),(144,48,'enim','ea','1986-09-03','1978-08-04'),(145,49,'aliquam','et','1976-11-20','1975-02-22'),(146,49,'doloremque','incidunt','2010-02-25','2010-09-10'),(147,49,'facere','rerum','1970-02-16','1976-05-15'),(148,50,'aut','eum','2005-01-08','2016-08-01'),(149,50,'maiores','quam','1992-01-28','1995-07-25'),(150,50,'quia','voluptatem','1990-12-16','2002-08-11'),(151,51,'m','m','2016-09-30','2016-09-30'),(152,51,'s','s','2016-09-30','2016-09-30'),(153,51,'d','hola','2016-09-30','2016-09-30'),(154,52,'mediana','medium','2016-10-08','2016-10-08');
/*!40000 ALTER TABLE `tallas` ENABLE KEYS */;
UNLOCK TABLES;

--
-- Table structure for table `users`
--

DROP TABLE IF EXISTS `users`;
/*!40101 SET @saved_cs_client     = @@character_set_client */;
/*!40101 SET character_set_client = utf8 */;
CREATE TABLE `users` (
  `id` int(11) NOT NULL AUTO_INCREMENT,
  `email` varchar(60) DEFAULT NULL,
  `password` varchar(100) DEFAULT NULL,
  `name` varchar(16) DEFAULT NULL,
  `lastname` varchar(16) DEFAULT NULL,
  `address` text,
  `role_id` int(11) DEFAULT '1',
  `remember_token` varchar(100) DEFAULT NULL,
  `avatar` varchar(20) DEFAULT 'avatar5.png',
  `created_at` date DEFAULT NULL,
  `updated_at` date DEFAULT NULL,
  PRIMARY KEY (`id`)
) ENGINE=InnoDB AUTO_INCREMENT=15 DEFAULT CHARSET=latin1;
/*!40101 SET character_set_client = @saved_cs_client */;

--
-- Dumping data for table `users`
--

LOCK TABLES `users` WRITE;
/*!40000 ALTER TABLE `users` DISABLE KEYS */;
INSERT INTO `users` VALUES (1,'admin','$2y$10$mVoOy5pbM.LwHaOja1wsaeIIBAK0ANEuGdBjAAzgv4JWIpYX202W.','carlucho','salazar','cagua',3,'g5MLgQBojnutfu45IUMWEZ8n9DYlMBhEr89rKn9vDYSDcUlSMUH9Psdvts7y','1476833730.png','2016-09-19','2016-10-18'),(2,'jonathon.lueilwitz@oconner.com','$2y$10$DqZXDIbhRmJuI8SkRiIJNOWgfffpH0HCj9.Voj8CBJqJNrxnReQXG','carlucho','salazar','92658 Bridgette Greens Suite 296\r\n Durganchester, OH 70907 cagua',2,'BVqe7mqA1iUiLSbGm3POs1gsKoH6NOqRUN2vc6lnceDfUF6K2G9YwazuBv4m','avatar5.png','1971-10-19','2016-10-24'),(3,'bartell.ilene@witting.com','$2y$10$DnSNC12Sv6XBYfmaBKulPeOOsK6OtQI9IwB.K0FLCLj280v2FQGdO','Ramona','Goyette','70079 Jorge Ways Apt. 480\nNorth Juanitaview, GA 34489-5711',2,NULL,'avatar5.png','2016-05-02','1994-07-14'),(4,'cormier.octavia@gmail.com','$2y$10$7HNDVV8QuH/7aXiF0TVRg.lP6YlYeMAcrd9F3xw6jGBmvKuFjx.hi','Cleta','Runolfsdottir','196 Schmeler Shoals Suite 319\nAugustamouth, OK 28892',2,NULL,'avatar5.png','1986-08-29','1977-05-17'),(5,'shields.ansley@yahoo.com','$2y$10$Kjm3Z.7YKPkXv670psj6eeYA.1nD/5M4LyqrlfOrvOy4rNXFxCdIC','Alec','Brakus','261 Rohan Camp Suite 952\nEast Dessieborough, CO 32559-8650',3,NULL,'avatar5.png','1986-11-17','2012-11-08'),(6,'larson.lafayette@larson.com','$2y$10$psQb0jgnnSUTyF2wN3w/Oe8QnToNbsktK1EVhIHNkpJHJgBMgKhMi','Efrain','Veum','35824 Joanie Ferry\nEast Kolby, IA 32382-3179',2,NULL,'avatar5.png','2006-09-21','2005-05-05'),(7,'lilly.price@lebsack.org','$2y$10$stcDO1S6y46mo9JqBldxX.vEIQoYNUsZrZJAd6RnUnUvYVFamiibK','Kaya','O\'Kon','95735 Wyman Grove Apt. 973\nEast Royal, NE 20313',1,NULL,'avatar5.png','1984-10-08','2002-07-13'),(8,'cristian92@altenwerth.com','$2y$10$oo1wl2AVk0tLJNjbAE4aCuCMPR5fPagtAZhHUacZRfwuXWY72pULK','Carmelo','Crist','12452 Walsh Islands Apt. 692\nNorth Tressaside, IL 38699-4436',1,NULL,'avatar5.png','2001-12-02','2002-11-17'),(9,'daugherty.icie@gmail.com','$2y$10$QweTQVuwjgHZLl5snH1QW.iSgvm/Zyd9A2.qYI.QSxm7UfhUNa8LO','Missouri','Russel','4891 Charles Branch\nEnriqueshire, OR 16047-5444',3,NULL,'avatar5.png','2009-09-12','2011-05-09'),(10,'bmacejkovic@dickinson.com','$2y$10$9hWnKflx1vmlHsVvwK59tuM1Osghb0/zuvp8CHxF2l2eBRfd2O7Ne','Laisha','Friesen','57150 Maye Garden Suite 980\nPort Cletus, TN 34221-9753',2,NULL,'avatar5.png','1981-05-06','1985-07-25'),(11,'gerald.herzog@mueller.com','$2y$10$9jJk.dWVHLcM1PBcf3hE8OyTLdLWNwEio85bYPRnd/280pYEjRVXO','Lauryn','Bernhard','1997 Mckenzie Turnpike\nLake Olga, MT 27009-8836',1,NULL,'avatar5.png','1987-07-11','1988-11-24'),(12,'warwaak@waark.com','$2y$10$8.h5b.tCta1wV/jHq0Igm.D9luLGkFg1UDa5ez9Q6ugplqXPtTzUm','Wark','Waark Waak','warkland',1,'KLYVfop3yTrS95whHKRfMiZafYjmsMeD56tfgdqkXbyHgEAKWekKD8Lm7WGw','avatar5.png','2016-10-22','2016-10-22'),(13,'pepito@pregunton.es','$2y$10$ErFrTcDKkukwg/g7MyyA0.BllymTF9aEbOhkn5sZHmDg8OrnlZSxi','pepito','pregunton','pepitonia',1,'gquXNuWO4wsGNECJjnDKajqyHVk6i9QNvwlBGtGcAC55CBGTEUCZoBsUVBYN','avatar5.png','2016-10-24','2016-10-24'),(14,'hernesto.torrealba@carritoschocones.com','$2y$10$ndXz8GecyqUAvg0kyfwqT.TM8OCI3iJ01c0Jx8/l/Uqfa9iyVvsKm','hernesto','torrealba','Esta es mi direccion de entrega',1,'F7KjlcgycpAAAQhfxkHVUJ4gItV4iNeFxL6u4Ouarjj7Yd3G1kRZIU0wEoJ8','avatar5.png','2016-12-05','2016-12-05');
/*!40000 ALTER TABLE `users` ENABLE KEYS */;
UNLOCK TABLES;

--
-- Table structure for table `wishlists`
--

DROP TABLE IF EXISTS `wishlists`;
/*!40101 SET @saved_cs_client     = @@character_set_client */;
/*!40101 SET character_set_client = utf8 */;
CREATE TABLE `wishlists` (
  `id` int(11) NOT NULL AUTO_INCREMENT,
  `item_id` int(11) DEFAULT NULL,
  `user_id` int(11) DEFAULT NULL,
  `created_at` date DEFAULT NULL,
  `updated_at` date DEFAULT NULL,
  PRIMARY KEY (`id`)
) ENGINE=InnoDB AUTO_INCREMENT=8 DEFAULT CHARSET=latin1;
/*!40101 SET character_set_client = @saved_cs_client */;

--
-- Dumping data for table `wishlists`
--

LOCK TABLES `wishlists` WRITE;
/*!40000 ALTER TABLE `wishlists` DISABLE KEYS */;
INSERT INTO `wishlists` VALUES (5,52,2,'2016-10-11','2016-10-11'),(6,51,2,'2016-10-11','2016-10-11'),(7,44,12,'2016-10-22','2016-10-22');
/*!40000 ALTER TABLE `wishlists` ENABLE KEYS */;
UNLOCK TABLES;

--
-- Dumping events for database 'stores'
--

--
-- Dumping routines for database 'stores'
--
/*!40103 SET TIME_ZONE=@OLD_TIME_ZONE */;

/*!40101 SET SQL_MODE=@OLD_SQL_MODE */;
/*!40014 SET FOREIGN_KEY_CHECKS=@OLD_FOREIGN_KEY_CHECKS */;
/*!40014 SET UNIQUE_CHECKS=@OLD_UNIQUE_CHECKS */;
/*!40101 SET CHARACTER_SET_CLIENT=@OLD_CHARACTER_SET_CLIENT */;
/*!40101 SET CHARACTER_SET_RESULTS=@OLD_CHARACTER_SET_RESULTS */;
/*!40101 SET COLLATION_CONNECTION=@OLD_COLLATION_CONNECTION */;
/*!40111 SET SQL_NOTES=@OLD_SQL_NOTES */;

-- Dump completed on 2017-01-29 19:44:31
